0201931b-6ea4-4a2c-a1cb-670aef6f2567	2
7c0523d7-5f9b-4ec0-8707-4621cf0495aa	15
575bca8b-dd2a-4e15-9e5e-c26c00ac0f46	1
4bbb10c6-df25-4e6d-9386-e3f25aa0ceec	1
4db7b3a3-78a4-4ee8-aad5-39e117c08cb8	1
f0719d86-4d0e-4093-8493-8c5931a87883	2
3cb4cfe1-ab53-4b7b-acbc-e08d337b64dc	25
da72bca9-7ae8-477e-99fe-295c415921f1	276
aaaf8d58-e6b2-42fd-9929-75729222fae3	30
0f140764-ab47-497a-be57-29d23b4aa335	1
fcee1c84-df0e-4c4c-a435-7710da1ff56f	30
93afde77-c858-45d1-91a4-8303ed931c8e	45
a16720fc-11e2-4fbe-839b-377c772b7ffe	1
d0071e89-847f-4111-bdb8-3cfb83809a87	94
ca2fcf2d-f6cb-476d-8d3d-3c251d25a327	8
1a3fa064-8f16-4590-ace6-30e0d6ef0bd0	6
2469df48-a50e-4f76-b06c-4867cdbc9edb	2
f0c3341d-c03b-42ff-b9c3-56d8492ebfab	10
69013ea7-d528-4b53-af16-38ede47cc6dc	10
04b4a83e-c243-4d08-b600-d40df2de32ed	6
eb55d96e-584c-4909-8b94-64da2b33e0da	90
7e6d1f00-7840-4f6b-8277-3268f899d34d	1
5d6d65e5-b5e7-4911-b9c8-74c9eada1658	60
c3cb9f08-debe-4cfd-b779-8c20ab56767a	6
0551d181-ba85-43d8-9844-5c6741cd6636	3
2c30224a-1713-40dd-8b32-237ff14f99d7	30
9233c69f-8541-41bd-86f3-2c5ed58e428a	1
51868c52-4cfe-40ce-8f47-8ab539c99308	1
9932d353-c9c0-4261-a5d5-9d7c38c35acf	73
fb30161d-6eb2-45d8-8bb2-2fbac0c4ca37	79
07db0ca5-be06-4b16-b30c-731f7e4221ae	30
bdfe8652-045d-4879-b2d0-5f11ffcb31a6	1
4c79c13a-d5cf-4030-9dc5-0ea4e1c2862f	1
2beafc19-ee0b-45d8-8fcb-fbe8f0b579a1	30
5a0f045f-4dd5-47ef-b475-b639ca9d4400	10
d01fe3d7-deb3-4bbc-88ff-c833e6d2525e	20
5e793d93-1dc1-4854-97bf-fdc8ece80af9	25
f4d56e58-90f0-4db7-bcff-7eabe1e87cc0	60
a55afc6a-2cbf-4e3d-8af5-11d4c340e743	20
501139ab-7853-489d-a5aa-34eba912e183	1
1613dfa5-9d2e-4753-93a9-7779edabcc47	1
44c06b84-932c-4b63-a3ce-2517dacd55eb	64
551589b0-091f-47ad-98ef-8f775c9cba82	1089
71385539-c9f7-4b59-a891-c70187ed5cd8	1
fe36a959-473a-4c02-aa72-fa3c898c42a4	10
b587f782-dae9-4414-9046-71312cdc2695	2
ffcdb2e5-8a65-49cd-a47e-ddfda2a04291	4
4fdd8e16-6294-4817-8767-349fc523e017	1
0bfa8d43-0cf6-40a9-a04a-4f899828a5df	58
66208374-cc70-45e4-b88b-d4057b04747f	2
2604ef0c-f61e-49ef-b305-1f65126c9bcf	75
dadc6d15-3e26-48ef-9c94-ef2f27b0160a	10
9c66ac21-f614-4e9c-9410-4b0d7813b968	1
fa73d725-37eb-4d9c-8ba4-ce0d73e3fd4b	39
e4de1876-af5c-4e79-ae07-3e3e753e1e5a	30
8f24348a-9622-495b-86bb-574e13ebc392	30
c501423b-02ea-48dd-a265-046d1aa1e018	11
4ccacb00-a095-415c-968f-951f44d09128	1
2c19fe4f-a01c-42ff-ac9d-af1f625832ed	1
95691d2d-76b2-4af0-a71d-67a32d2cf1e1	120
1b8d2e34-a65a-44fb-822a-3de0f601cdbf	1
d9cc635b-f88a-4675-8fc6-028ecc888540	1
96e5f91b-2ef7-409e-b38a-696efa8f1b2d	30
13868929-3224-4395-851d-061e886ea0ad	2
764dcfa5-ed18-46b2-ad00-c35c450d12f5	57
5a40d17e-5388-4c09-a9ba-25c2af21cd40	15
c50cdd00-8ec1-48a7-b6fd-23d92f1aef83	1
d78e8be6-947c-4643-af86-1a3757c96b38	1
52ced069-ac23-4576-a559-9d44cb016109	3
70af57e3-8710-4589-abf9-780ce935cddc	1
7781994f-bd61-4233-b5e5-37f98eec4471	2
a6f4d9eb-b752-4302-8eb8-02c2d369ad95	15
e1da7953-4573-4bfe-b2f5-378f86cf15e7	22
bdcadaf2-56a2-4e8e-9968-53a6e737378a	3
c521d91f-05de-4f88-a5f2-c817d355a4af	30
d4a6e19e-7288-4ebe-9c8e-58b4e31ca7cd	1
544a58e2-c542-4bcc-bfd9-8fec728ec8a4	2
a64f5c2d-a832-4d11-9943-4735b565caf7	10
08b03f0c-b7c5-4bcf-9f93-23c05e427156	1
c2873de4-7fb7-489e-a6d5-11dd1a2be8dd	20
633b55d2-559c-4af9-b666-9c1bef2221c7	1
0e098f07-c3c1-40f5-bd86-dee4069951bd	60
bc561477-3c2b-480e-917a-04d830e9aa5e	6
d3e6439e-0fcf-4658-92c2-3f2015605385	1
6abaa602-a3d2-49fe-b054-7f7a7976ee7a	2
c3668d30-814e-4d87-968f-022cff11a1fb	15
c8033be6-e5e5-46dd-82a3-3eb6d08a62d6	1
ea196c60-5923-42f5-b754-1f1e9f354f1d	15
4d78387a-2456-48ca-8aa2-cb64e274e325	42
38358000-b7ec-4247-a4c4-0a538b13473a	10
7977d759-ed3f-4d12-b010-7cc93cf37389	5
2bad1041-b68d-4591-9992-118ecc78a3b6	10
2dac8a4e-7f8e-490a-a512-6b1a232ef1d7	16
87b096f6-c94c-4e94-9361-6c48f2bc9de3	1
5f91a36e-a39e-4b9d-a7d7-04cf25f06814	10
6a2fb6bb-3acc-4283-aa9b-3c8222eb5094	12
ed31e85d-1efb-402f-8ed4-3b9bc83265f0	1
373ccb00-1a86-419f-b2c0-530957bf5148	0
ab41b694-4739-4933-97ab-19964fb0a723	13
58eb7f24-bbed-4f7e-b42b-bb666e02429e	2
f5d2a478-2759-4402-a074-3e37df1dec36	28
801ff9ed-a2cf-4f50-9d9d-73e06eaca36f	1
4613fec2-9d42-4e35-9052-d2de774abd34	185
a2133c2d-85e1-4dc5-bdb1-a178125cc4ae	5
5b5ff25d-6da2-41b5-93ca-bb27a8948f68	16
3fec53fd-2e03-479e-8a9e-cc44ee82d820	1
b422a0e2-439e-4c46-af77-8bde39029ab8	86
797691c4-2166-4a15-a261-f0f31cd0b3e4	1
2a412744-a3b1-4567-9367-008397815da5	25
7a8081d5-6757-48aa-8edd-c2bef332b81e	36
b73936f5-7671-4d79-91c8-d4c7cf21e786	45
3773b31b-d081-491c-9ea0-3d5b6d16ee20	72
2661b7ac-e88e-45b9-b9eb-98789b1cb130	3
0d8ca587-4d3c-4994-8826-19dbd0737d79	2
36813d86-2fe2-4c40-b004-91b50f902754	16
295920e0-1cf2-4ec7-9652-50eaaac83f5b	20
3116494e-bffb-4d9f-8122-981a78c0fd4a	14
ff01316b-5524-41ce-a6e8-fa94d12ce075	20
72f13f6b-2f08-4610-a2e0-1638b8d9b984	15
22c9a656-9ea4-4811-a6f4-0ad988a4a3b4	10
3b902f62-81a1-48a5-a234-2bbcbd4f6a00	1
5d07213b-3962-4c77-8be9-ed8f06373c6b	50
5e39588f-61fd-4fa2-be85-eb55de601b63	12
51ba3552-38db-4696-ab52-07e1b6188491	1
a3b01aaa-9cf6-4dbc-94f0-30efbfb78d53	1
b137cab0-0363-4b8a-b12f-d448d3cc52f9	1
e1641c6e-dbbe-4f08-92bf-4bd978da85d0	1
06945d9e-c446-48c3-b0d5-cfd04272d9fe	1
87b3dbf0-5837-41a5-8f27-b0bc1c62725b	11
5ef4c633-edf1-4997-9154-63f37c31c81b	20
1112e0ec-4597-4e9b-8d25-dce1e833b648	4
86346eca-f0d6-4446-8032-d1b3235fa34f	15
0279f523-b287-44ce-9656-b9a4f66eff8d	17
e5ed350a-24d3-4d12-a68f-01d3e7d90d60	30
0daa4dfe-28df-4a1d-950e-4572377c5747	90
eb46b9f0-6720-496a-806b-5b84ffecf4ac	30
1ee9ffba-167a-4b04-8c09-cf92e41c19fc	44
98b32d72-0520-4cde-a6a7-1e35c3d9b35a	10
f52467f5-305c-4aab-afe3-824536a697ee	5
66020fc1-a8a9-452a-9c78-524c8f463a91	20
94a8903f-5531-4cf4-9f94-e5acbfff76ab	3
832f4815-a87e-4cc2-8856-7a8109dd16fb	1
15a91ba2-da22-402e-b194-6012e772ea6b	2
e37bff88-e65e-48d8-90c1-b8677fc74d35	30
33553424-ef69-4b16-8ab0-21c82986a511	100
22f2dddd-6201-4892-8563-32f55693384c	1
3316a736-8ae5-416d-b6c1-ffe242986919	60
cdc1b4bf-90c1-429e-8787-5357326f3427	14
2ed663b6-cb49-4249-b54d-be0982b0555a	2
fd1da820-111d-44a9-83aa-d5362aafc313	135
f4e396d6-f221-4b73-a9ed-47c6cf5274ca	15
db77773f-ee7d-4f22-a473-38ad8285a2a1	10
46481fc4-53ac-486f-8138-ee6324ed57c6	4
f5dbbdfd-eb80-4454-88be-5b8e0c6a04e0	7
98d5221f-b6bf-4209-9c84-0a5349e906a3	1
a5993b00-c3df-42a8-898f-59a5a73d23b2	1
c5bf93b0-04fb-4f95-9e1f-54e9a30de1ba	10
b822c5b2-1c30-4c29-8896-d7506029f71e	10
0b2873e2-7fb6-40f5-bac3-c8edca9424ae	69
fefacac1-7b1a-4c2c-b2a0-2ff343379aa0	1
eafa17b7-53c5-4d37-837e-51c4ab200e51	20
e36459ce-ff08-4be4-b6fb-cc79adb7c57c	1
1305890c-2015-475d-a428-283807e5e953	238
c047c715-6aad-4189-8dce-69319d70bd77	41
1b2b3c02-9c85-4685-b6fb-006cff276ce2	18
fa41d2f0-4561-4c3e-a274-9eabfa064c3f	2
8147d77a-925a-4dcb-ba68-321d5d323677	30
1e92e04a-4b50-4ebb-a15b-580c6393d276	15
7557ebcf-8350-47c1-9d52-a10268153382	10
22ec2daa-bfa6-4d12-acb1-1ebc31561287	1
73d9b5a1-7c22-4eb4-ad08-2e510de8884c	2
b8ed47aa-e4df-4f83-a67f-d1fde792c189	30
a0738822-db3b-4979-9c06-7a8e5389af16	30
9d81d52a-6f6a-470c-b05c-7b0e137d5d55	3
a88ebf1e-23e7-47f6-b914-cf34fb7677d7	1
10234e63-b306-456c-9058-f43d200dbeab	1
67d5a1d8-f07c-4dca-90b9-d22b3613272b	4
1a57cde1-6fa8-4374-896d-48b4ff937b60	1
6f676860-80f7-4f82-b855-1c42bfc5bce0	2
8de436d7-4fda-4908-8fe4-d611492d9ffe	1
d0a38b9e-fcb2-498c-8e4c-60227586048e	5
4f654cf5-2165-47e2-9b33-77d62f51648c	20
778e49be-d020-423d-8842-6af1c8223779	331
b54d2e2d-5991-464f-922d-611f5e0dc8b4	28
53490cd2-a4e8-4cda-bb3f-51112951d58b	1
8202e27c-a8ad-4327-86fa-7fa0fb0909de	1
124b3f80-40e7-4e1b-96ee-6a4452bd27bb	1
f472a98c-076e-47c3-8317-99247c745900	3
186a3d81-9eb9-4cb4-8819-5f75f3a592c7	15
aa038298-8707-4cc3-bfcb-0b6e9c3aa461	30
27569b6a-190a-49d2-b082-12e630f0d88c	15
b9876a2e-ea6e-40a3-8c79-0dac586bb831	12
9eb376b4-e828-455e-972f-16a80a22fab3	1
d65bc918-ed60-42cb-9d36-97c61d47ba35	2
d128a1e9-1736-4570-8557-994bf769c6d0	90
160af3b2-2401-4ca0-90b3-4a08b661fec6	20
524e4960-dc81-4c88-9a4e-c3f4249b07c3	45
89dbad97-25aa-4481-a32d-e9c1b90b51bb	3
8c486d85-36ca-40d0-99e0-01dbf03573c4	317
204ee0a5-0761-4cf2-b1f1-dd29e056abca	1
513316e7-d2cb-4c2e-84a1-9f01a86a758e	1
1d9f1c85-b77c-47f9-a940-ffc6657cff00	12
3053029c-15e7-4fbc-b5f6-c591d5ee92d9	2
ceaa71bf-4641-4e85-9637-d2232712842d	2
7a03f074-bf79-4575-a711-0914e47bc654	1
b1a9782f-258a-407c-9d56-e28064707d61	1
e605f3cc-8e7d-4cd1-b7fa-a48074350670	1
2ed86feb-205c-4d6b-8622-b2cd2b38c1f4	1
2d6819e3-d6bd-4f25-a437-3414617eb307	13
1238dff5-ceee-45f6-a591-02deaa22f72d	30
01d6ca78-faa1-4c99-a29d-4725e6775205	3
75879c7d-6363-4395-9f21-982cc681191b	10
ab8e155f-9ff6-49b5-b4c1-bea550f79b54	10
1e242c5f-bc5c-488d-95cd-cfafe174b4d4	5
e967b738-3e13-412d-a387-42b05525dfe1	2
fcb32d8f-cc2e-49aa-9c3b-ce07a2f48d6b	1
3196619a-cf5c-4db5-a242-a1bbd9ffeeb5	15
2d72f488-6259-4fa3-84fc-7b8743f46391	2
feafded1-da4d-4be0-842a-c718eb5ee776	15
000861c4-e2bc-4ee4-957a-90a57d825273	1
a5d9fe58-cb98-4a98-82c1-bb854349b5e9	10
0847b117-f191-44db-96eb-cebc35383f38	10
af129110-d382-4230-b146-4c0ca59ff4a7	1
f158d338-c4ee-42b9-98c5-6e35dfdb0307	10
4265a4aa-aaa5-4601-a7a4-901aa5001f12	20
57469cca-59ad-4b5c-bba5-ba0c43e98237	10
feea5eb6-967b-474a-b0d9-7517ad373860	1
801b7d71-7ee0-4daa-b6f0-6043be126727	8
1ffba8e2-0748-4585-8306-426b1432eb0b	10
3c0103e0-15da-41ef-8fc1-20fcddf99691	10
8cb93c95-f821-4ca8-8fdf-2dd152683978	1
12f55d78-4253-4676-8cd8-8ab755ee8eac	10
e2ac4903-de22-44cb-8567-8a98e708dbe7	27
75dde5ba-3cf7-43c6-b799-7817b2e34320	150
b5a32022-1bab-4559-bfbe-35bf089851c6	1
77638a5a-7d23-4760-96ec-9c66e32de6a2	45
3a7680d2-c919-4265-9020-16556fff427c	60
a23cec14-a5ef-4861-8d66-b734a8375b28	50
be6615e3-0683-4483-bd8f-67486d226a9c	1
f0a7a7e2-a16e-473f-bff1-b286e3b2ff48	49
dc67624f-dc75-4d27-8d29-da79dbc14afc	54
526e8eca-34f0-4f72-9232-06167338d626	22
bf79950b-a2da-4382-83a8-c41fc0fb982a	50
0f5b0f9b-ebe0-4687-8f2a-050bc43348b1	1
9fb79cff-69e8-4a68-9110-3fa09eed4f13	1
5ab48831-e32f-47a5-8121-b6ecf0e05159	1
0156a831-e8a3-46cd-ae21-74610610809c	2
81841d8a-d2fd-4a48-9da3-b42981e0067a	1
f41be432-6e2f-4651-aee2-436e2454a997	11
b908c29a-7d4e-40ff-af9f-9a5757550b2e	10
cc1244d7-b8a5-4217-9e67-dde805ba15a8	30
ecc11a49-8390-43e0-becc-80223c0660c8	1
2052469e-cdac-4d4b-994c-fd082e283a1d	4
a803b463-5afe-435b-9af5-dbc5d77c3499	1
7ea33c37-91c7-437b-aedc-1fed18a4a1a3	3
878ea2ae-5340-4d1a-8c2e-bac9e2c75943	15
cc48a72c-3d7b-4682-b4a0-66d737fe225c	1
6090b8bf-ba84-4950-b9a9-7d5bbf715f3b	3
5ccaf897-f908-49e8-afad-5455d0521fab	99
c234e975-c9d0-4a9d-bef2-2b7cc0b97cef	3
d21ddaeb-e9c6-4387-8780-013ba3a53bcb	10
7394fe6c-e56e-4d38-b904-2a3081cdd9fc	23
c8c2b211-4dd0-4291-b849-14e0f4c0c71c	44
89e552c9-3920-40c6-af24-954f5398a195	30
994057a6-5bd9-42c1-9d9b-6d248217ffe5	10
b9aec6a0-33c0-4a10-94ae-89d95b0301ea	2
96b9d88b-c8c9-40ff-b172-a1214236ebed	12
9088cd21-e499-4aab-896a-e73667820e80	20
ccaa597b-bfe1-4d17-8809-6e93e61f7589	1
257e02f5-5526-413a-a1e4-330b9bba16ec	30
48c8d0cf-5b10-4212-8bec-897380de0dd6	30
20dbf7d6-0b39-4b7d-89a6-6086652f6bea	32
11c171d1-c97b-4ba2-81a4-fe5768207184	1
58b9f136-5d8c-4712-be6b-183d5ea06adc	10
b4839f7c-0d98-4451-b024-84210c4e08a7	112
2f231752-65f4-40b6-bb1d-6099767afa94	9
4d635b59-24bb-4482-87b9-025c427317d9	1
bf8a0fbf-bf2b-4994-9c01-eeb277822153	15
f6055207-cad7-43f4-9514-a87c95a25578	1
8f874d98-e6c6-402a-813a-906d5fa38994	6
4ff69b96-499a-4350-9815-8d386dc91841	1
0022c9aa-9291-4dda-a704-019a85286f55	2
f1bc882d-61b4-458e-9498-b0b19cf8bc4f	47
7957ebf6-8ec3-4f55-a868-782f26418867	9
962a9270-403e-488c-9432-1925f3395ba7	2
c3eb2c71-985f-4036-9375-2adeab47e7c7	17
8855a947-67b5-45b9-b50a-b540d3ebce99	810
d3a8b3f7-eeed-4e25-9a1b-25f9c53e1e97	3
a393ac82-fdb5-4b67-bcaf-996d96b0e8b1	30
df6f1398-9c77-4b85-abe1-ac24a7fc3844	27
6b0cb083-29f5-43a7-814b-d2ceacfd8e09	30
3f820997-f2e0-4382-b3fa-a5f234eebd7d	257
4ea1cf7a-9d79-444b-80b1-c536f1349f9a	60
40232565-9435-4f9a-82fe-16c1adcdb4d9	10
6a63afeb-7fb9-437b-b4b1-927d31ceb1c8	10
a95177a8-1645-4add-b007-c03b2349cb07	1
8076c072-0db5-4478-86a2-a651f1e27c62	1
70a8d913-8fc0-4fce-9f08-d0817e4282be	17
68378e4b-0678-4a7c-b5e2-2b42a10fd0e7	30
6d9111c9-4756-4fd3-b092-1004518c33e0	1
ac226236-2c47-49ae-a203-096bd5a990c7	560
77959f68-1582-43d9-9ff6-3f91ca6d1c12	8
364ec050-45d6-4b6b-bb69-601dc59181ca	142
9ff54650-ee16-41fc-8815-5feb6f15196c	199
e07a4d91-ddae-4c72-ac21-9b8eb7489846	2
a98e77ee-4b90-4f87-a65f-5ce150d028c2	2
901951bf-5bcc-4041-bff8-2c78e1167262	130
f7bc266a-de9f-420e-9dce-fa9bab493cb0	20
4a19173a-efea-4382-a477-7a5069ba2f9a	2
93eb80e6-e9de-42fc-8ecc-87d4ad9a47e4	1
f0c74c16-b66c-4cab-9a91-677a5ad6c4c3	30
9ec8e00a-f517-476b-9230-64c2fb08dd60	1
d586d53a-ea26-4722-8212-0d980fc7a694	10
45789487-9c69-4f9c-983d-2cf4e7a87d7b	2
9ba1cd80-a203-470a-a99d-71d2a24fe0a5	15
0ebd7090-6ae7-4c89-8359-ba1c85139f2b	8
7a0ec8cc-192f-41cc-8835-39b9c8a3fab8	1
fef5b04f-57ae-4972-890e-5d4e4f1bd311	30
0ee0b57e-37fc-480e-af32-77051a6592f8	5
b5660f80-a34f-4d68-bc12-fa6fe777af91	1
009b4e1d-f524-447c-a122-2ed022cd8480	12
ada3d5bc-2287-42f0-94fa-11ced4a441fa	12
6608a812-5b1a-4d69-8148-da190191bfb7	20
a9e70cfc-deec-4a1b-9830-4a35b173b867	75
c80da73a-0bae-4a7e-9da3-9664c1ef6f80	60
a96b4bb1-1d06-4874-ae15-34329327cae5	15
5e862ccb-cb6a-4698-a678-d6784008b1dd	1
18a6dc0d-c86e-4ac0-a0a2-6dc85221d344	54
09ff199e-86d3-40ff-8226-43bb5de74855	83
f92e5345-927a-4749-90eb-0aaf640fb6bf	1
39c9cdc1-be86-4f22-b81d-e3d554c23ba7	50
24436f1d-c31d-4a7c-a95b-5d9401b91183	3
3d7e4117-10c0-44fc-afc9-526d4ce990ce	60
96c9408c-4cc2-4027-821d-2f8b06430fa8	30
dce95af3-03f4-401d-b2c1-a984858606bd	30
88a67b04-1d70-4e04-8ec0-2d34901f88bc	15
9ca9dc01-7414-45e3-8ff8-064a55da61ff	30
eec3535f-8806-482d-b4f4-2c9988b2b57d	2
6b5a4509-f8e0-4f0e-a74b-ccfcbcee4798	4
0adcc0ce-e99b-4e35-b2ae-16547656d402	2
da6376f2-1949-42de-92fd-81b3c08b795d	3
6a5577fd-f92a-49c2-a7ed-487b0bd4dc01	2
f40c0cd5-947b-4632-ab5f-d0ab59bad225	10
db410692-0889-421c-9548-8e1de3352716	15
588c9288-ed3d-4ae6-8fa9-4689405ac2e8	45
429232a4-d128-41b7-8deb-cf41e47d3fe3	30
f8a073b6-7b0e-45cb-842f-6cd87176ee9f	2
59a8b823-a848-44d8-8d92-4a0da25c7093	1
be34b142-f50b-4dcf-8c77-dc1221150c75	130
f13cd021-b0fc-4ab8-a303-1f9e8c1cfea0	15
46d48a9b-c954-4016-a970-aae4e3b74b8f	1
2d178ad3-2c41-40b8-90fb-7539ffec3192	15
44b157f7-9362-45df-9609-e5c826361868	3
4cd918a7-de23-4906-a65c-c6ddb36d063b	65
185cb6da-85bf-48f7-971a-f816e6caf356	45
a515a386-98ae-4a5c-beb6-597d1fa4eb65	20
af7d2133-ce2c-4385-8a4e-49acff4a7092	1
4ca440c8-02b0-4453-8d47-98fd9cd2e49e	20
7b86ce70-79e9-4711-9d8e-389615a49523	19
bf6993dd-031e-4691-b434-b7b5af36923f	1
54d7e26b-aff6-4c68-8026-0ed9168fe839	1
bc11305f-184d-46df-9325-dc9497c218fd	3
edabe66e-320c-4a46-9d5a-05313574a554	185
68260b8a-8844-43c0-a43a-e515d8294415	1
c70b6924-998d-4020-b96d-b743599c2b31	2
689c1ead-7eed-475a-8839-5457e2a1e34d	6
54b452b7-0fc4-4227-b511-64f5c9fe2991	1
5246705b-d7d0-4c89-bbc8-10b0684f8797	123
8eea1be5-1269-4ef6-9615-1de14064b6f5	10
5fcc3743-6eb5-428e-85fd-a7e646fad699	20
1eb017b8-ed3d-4c3a-b483-c3e3b51879e4	20
9757e40f-6d39-41e7-9a5a-3d891f2fcdf4	49
8a3c3c04-6c87-4dcb-8f58-f391ab158d05	1
8a893e2d-ea2d-48d2-b5b6-c0ab9daaf1bc	3
17027efe-8c41-46f2-b88f-a54c7c15452a	10
3ba69634-84b5-4674-ac4b-00c32656e859	30
def5afc6-06a4-4fc9-a297-9bb733f749f7	50
ef6c7c1e-d257-4d25-9b2c-ed1a65025548	30
569de0b4-0f4e-4d1f-aec2-f729a4ac71b4	10
f1d153ad-2349-4e21-8c9d-0e1de85e7c86	1
6cc7aa4c-b8ac-423a-98c1-425f0e30598c	2
d158a376-3a88-4abd-8f26-e84244027cfe	1
aae8bd28-7265-4e30-89df-2182d3892adc	67
a3d82c7b-fb95-4c2c-be4d-e6d7cafe2717	5
4e9c8d80-dc5a-4c46-913f-e2ed805d4fdc	76
156b8ea8-492b-41c7-aacf-71809d4f27ed	23
03e7ef81-a876-4f9e-a274-3291ce840e06	6
fc307eb2-fa9c-406d-a5a1-65b0469a6921	13
39bc5588-7bec-417b-861f-656a7e83407b	1
539b204d-30ab-4a28-a1ef-2c606febdc1a	10
40b833fd-522c-4b67-9747-1e3195a93535	2
dbdc1a3f-f8fb-4b02-9916-a50294471772	6
8f374170-ac1a-4c1e-bbe6-eba2875f7fa0	24
e92f863f-3c95-45de-b8fd-95a3df8b28e8	1
3741c18d-576e-4457-8868-4f9578a2d74c	1
130ecd66-3d8e-421f-a3e7-9c4975a38236	8
fd65352d-d500-4f62-b446-5c680b62bf89	3
8c547406-a272-4b34-816e-5439c855f4f2	60
2917e677-01a3-459c-86e5-6967ee025c7a	17
240f4edb-4f5a-4a2a-8069-b6e090ac267e	30
3b0cab85-57d6-420d-877d-ff3d99e784b7	1
5ca9f5d6-c57c-4349-9f56-75dcf00437d9	5
95c98791-ca15-41f0-afad-c9e49cb7571b	6
04f52450-e3e8-47d7-a295-f5869294c156	30
3d9062a4-4dc2-4362-be5d-8530c4e492db	70
7a9099fe-5f4f-43fe-a414-45e06f4a6431	112
df9fc78e-ca4a-4aca-a14d-735347999afb	14
53c358ca-2c3d-4ee7-ad0c-ddee23efb5f4	1
c224d5ad-ec95-4f95-ba93-01a36854726d	2
1273aa21-b39b-45a6-ac4e-7d33bf57d8cd	20
b27b675d-f598-4b7f-9c7e-d5d60e41b852	20
ce93cf20-40e5-407c-a423-7d1bc4ef07e7	42
9c8e6305-9ff1-43f8-946c-8c4185d01e13	100
83c14f27-f419-4077-9d2e-f24367e16fbd	20
ccfa0701-2ace-44dd-8f45-403420e591a8	20
b8544da4-bfd8-41d6-8556-42cde8d3eabf	3
4942621a-ae8a-463c-ba99-5a43d8db5e49	27
7a9730cb-967f-4ef6-97ec-229940205118	3
3e45b2e6-3873-4ce5-9c77-f17ee0bd89d7	22
597aa7a0-eddc-49ac-b723-8da66c72567e	75
a7dea340-dff7-420a-975e-701b5b341691	1
53484489-606d-4313-a6a1-813bf2098989	45
9d948860-e12d-4988-b411-11979ac76f4c	1
f3398ecb-7c73-469c-979b-bc4c1b2b2572	10
294564a6-72a2-4fa8-a7db-b1774aa93cd2	1
339c26c4-f58f-4123-a53a-5d9c54acc437	2
caeb1ae8-72d5-40e8-bb13-fbbc7e1f470c	30
c1bb629e-2572-49f2-9851-0efe52229db3	20
9d063cc8-5c30-432c-a3a1-f0a430af3a46	75
3334d516-13c4-4d24-85ba-dba8fa96a70d	1
51f15d68-149f-4f86-bdbb-601fac490e2e	10
40b78f6e-6e84-430d-a8b4-0384f67a5898	15
fc6952b6-522f-4a78-b776-5323fab04d6c	10
c5b74191-6d4d-4dbd-8b0d-bfb7daf4a2da	15
c71f1a5e-40e4-4ff2-a4f9-b6da0d386cab	30
e4d8bf8e-9ddd-46b3-94a5-22191e1374b7	1
5290f6f6-51fe-4738-a5bd-06b26b3cbfea	2
0cc99cb5-e21e-4cac-bbe1-b17c995c29ab	8
d93afe62-648d-4e7d-8287-1aedfd5d708f	30
2c92874a-db80-4bff-8c8e-dea094f5f4f7	30
33411d9b-c5ba-4b01-ac96-fec9951507dc	5
ed41ccf3-5248-4f24-b3fb-b5187d613fa3	3
46ff16fd-ed7b-4f54-958e-68b519e8113f	18
39102ca1-ae5b-4ffd-85df-bff46b236a7e	1
0caaefbb-9a8f-47df-9f22-0f81e3406501	30
915ad9ab-46e0-4af4-a5a9-44075780e9cf	20
5567ad76-9af6-40d6-8a9c-be59feed7ffa	5
d5f0cab8-6daf-4ad9-8a82-d2364a42c4bc	6
71514476-330d-42aa-b1ad-b1f5f0542da0	1
d6b909f7-639d-4b09-8d5d-bdd14b6300bc	82
73744368-0af7-4a20-aa41-98cbd1e9e8fa	1
cf1a637d-c0b3-4a20-aa15-b12daa30a778	45
5bf26b78-8fe9-407e-9f4a-ace67e40e01e	50
774890f2-8ab0-4678-9e09-0c90f677d0cb	10
e276964a-fe3e-4666-a140-80b9a32a6a70	239
cb984f2e-2e46-4010-a244-ecd58dbca99b	2
4de9afd7-3c4d-4033-8816-eb4a5961b6bf	60
89b69741-2b1a-43dd-8c32-e7852cef87f6	7
fc4aa4ce-2b4a-4b63-adde-3da4db739804	36
edd7ffe4-03b9-4203-94be-788f1b6cd9b2	20
1f399c7a-42ad-47c2-8ac6-b1d9caf7c828	30
1171d84f-1683-4661-a40e-15077c8d0f6e	18
2d947b4f-125a-4637-a44a-ee66628daac7	6
714d07d8-6c5c-4065-a27f-bb278b296aae	15
8a6c5941-e217-4f6c-a4b9-eb0c8cd2a22a	5
17ac4962-0a32-45be-807d-186bdde4fca1	1
9e16639c-f3b2-4585-b1dc-6db2741b4bbc	30
3b23bc6d-27bf-4d68-aea0-6de4f96be366	2
e4585b51-c899-4587-98bb-27f8d8c46ec6	1
b0e0c37b-25dc-48da-844a-7bc23b4551c8	10
e7bebdfc-5f17-45af-8bc2-015a295cf13d	15
a9a5ee23-7557-4e12-812e-1ecc8da57ee2	150
6e16376d-4e69-4234-86dc-d4efadd86077	15
78bb6ce9-5bd9-4d69-b139-6b0c8fea4b5f	1
d76d2cc7-0d90-4164-9b55-0c059508204c	4
97856ff1-0017-4944-bba9-b2c4fc67a328	30
70377ce8-0e46-4906-a2aa-911a8923b878	1
534e8dae-1163-4188-9058-632547acbc12	1
68e56ecd-bcf1-4580-a697-a88fc2220151	2
08c3fb1f-caaf-46a6-bbee-c48f40759dd1	20
03710f84-832e-4122-ac60-cd22585a0c4a	10
1c209b85-ec27-453c-9ab2-050e93724dac	1
4fe588ab-124c-45db-9117-e7a389c48cfd	30
6c386dae-1be8-46a7-b310-5d462673315e	30
0b71218d-fdda-4060-8695-f913f55e016f	55
b5a7b054-fea9-4f7c-9cbb-65889ed07b9c	45
628cf2f4-ff13-4926-85c5-bf38b05c3472	30
35251a31-57e3-4786-a0c5-21d64f61a9c5	10
c5c4ccbf-46af-4a27-b11f-0f551ae727fa	223
25a009d1-fd0c-47a5-a927-1f22bf764614	1
7302bdd8-c4f7-4664-8e95-3488cc80a1b0	20
d2c38fa1-3039-4a7f-aa6b-e98c793d7571	5
4fb3adb5-4936-4d1f-969d-d7c5d410350d	1
75653a4d-0161-4aa6-93cb-a8fbbb4204da	20
c63987b5-9d20-4846-8861-c529ffc5421e	46
34a9279f-cc36-448a-9df2-c6dcad0b3529	20
fd60f83a-9db1-4eac-9dc1-5a3f07640dd9	150
20c81701-6c45-4945-8dde-7fbfb35fe70f	1
5498270f-8b12-4e11-b903-5935bf36366a	3
41912c31-23a8-4ed8-a273-26bcd29294b4	20
331dd64c-fe34-402c-b844-83df0916a5e7	1
c40708fe-c777-4e29-b889-eaaf7f5cf1fb	2
f5a0c69c-b0a0-40d9-8c93-fa2c31699089	50
439c12cd-9779-4096-b0d2-cfc7e61c9e26	120
c10d63b3-3d45-4d40-b50c-527ce98e44eb	1
9dcd09d0-a5da-4830-b33a-dff52b11eb6e	60
2b355281-a50a-4864-a6c9-45ef399b4d51	20
5cb6c175-4b56-4937-bfe4-bfed42d79226	100
b5177b0e-8055-4421-b4b2-4ce0ae026ca2	1
7f0935ad-9880-409a-a127-79ff1e256125	164
5dcc338f-f408-4e71-b27d-264fbd5d99b1	9
d3dd2053-0804-4c8a-a1b3-733c5b267c6f	23
c5f28e2e-f0a4-417e-aa5b-cf7dd5934e99	30
6a1486d8-a868-4d03-8100-054af081dccb	73
84db8fae-65da-45bb-8192-bf27bd9efd7d	5
e185aa2d-f77a-434d-8256-a95a0d08e7e7	30
e1ec0db2-0179-4a65-bd97-fd3c4d22f1f0	3
75d090d6-6eaf-4b41-96c3-d648556712e5	1
b6725b5e-5d76-4818-be7b-655027adcd8c	152
00b661ea-74bb-4c80-bd6b-38e5ae51351e	9
ead9109c-ac3f-4cf0-82bc-9ec802e74513	212
a784fabd-c112-452c-9f75-c7277c873c5e	3
45caf925-1e0f-4b28-b554-06cb208d7b0d	150
d6cc2f02-fd0e-4579-983a-a235be1cfab0	30
c3c7501e-d6fa-4ee1-a52f-f1515655cc2b	15
ed50bee9-2eaa-4c97-9670-6e46d532dbaa	39
6d1b7538-8ee9-4471-9eee-876b3ec99534	37
139aa34d-6a9d-4d4f-86e6-a6314b17aae8	20
cc03e8ab-0a1e-4eed-9924-6da3d2a1b0fc	2
c131c642-066f-44d7-a335-c176ea5540c4	1
ac1ce9da-913e-439d-99ab-16a6afccbf8f	6
f7b48d20-9fb8-461a-955c-fe72569f67c9	15
db97a781-fb5d-41d4-8ae7-dbbab5c179b9	15
990ec8c3-2c19-4a79-865f-c10c3f8f32b4	1
e5404bfe-eb7c-404f-9ec2-0a9bf9cedbe5	10
b214265d-6656-45ba-aca5-53937b5be9e7	20
a27d4a17-ac3f-49f7-9a3f-262d2e4de8ff	30
18520c06-c076-4f13-9d67-8c92170a4948	2
81d4676d-3604-4118-bbb2-49d74aea1471	4
03525236-ebe4-4c4b-819f-d00fe281ee47	159
efc60fd2-4092-4785-aaf2-bf203bda274e	1
e4da64c7-6936-4897-afcc-fe41b45edfa9	1
02c1c8bf-25fb-422e-aa58-479de523b72c	2
cce4930e-efd3-41fa-9581-044ceea27c14	30
bbd1c77f-fcee-429c-a593-4266b7c0dbaf	9
a6dbd0fe-c1cc-45f8-8fa9-5296c28be086	15
dbe921fd-27ab-4996-bb6a-d99cf68dbcc4	8
b2db5c57-513d-47ec-895c-1125de6d2088	15
7801e7c1-d5ff-4e4b-9fc0-c8b149643dde	1
3e74f6ce-23e9-4d2a-aa81-cb822c53d3f9	60
7f4594bc-9c32-49d8-9330-1c950631d37e	10
69f9e6aa-8a80-435e-9b56-a1cd92c6c046	2
946d4cf4-6b0e-4254-bab4-b434ddd97354	10
060970db-9222-4e36-87fd-ae3a29896750	30
0d5e4ee2-3f57-4211-ac8e-a171fd8f0afa	1
c9aa29d6-2896-4685-b23e-0fc400eeae8e	20
a3fe5bdf-786f-4ee3-a8c4-8be7feaaf0e7	14
8de66995-9b22-4a22-9c59-05a53af191ac	1
ef67ab37-afbe-4d34-9616-d174b42cdc8e	1
5898e457-00c7-4290-aa73-ac83f147f2df	193
fd901fa5-305b-4e1b-8735-3bf11eb5b687	118
e2064dd3-2c42-45be-a0eb-d9a227b1c0b1	1
f34fba93-a01a-4c72-b624-e9aebc4b973a	10
1a2b3799-f4c5-4fa5-876c-2f5ab93caa58	1
ddd687a6-ff21-4019-b706-3a1ffb7018b8	3
e2ae609e-eeb4-477a-b8b5-9fef4dd36878	1
50e1800c-f1d4-4b76-8af2-e1712d0cdbe1	20
e9f3ce2b-baec-45ec-b772-39cefc2c86cb	4
23e4d941-1d08-487e-997c-a96803b177d9	420
d200a191-2ea9-421a-9d76-da904997464e	335
f1f20555-2b31-4006-8817-b779605d0c0c	44
09b834ed-7a08-4083-af03-c182f5725f11	1
5be04d57-664e-4cdb-8ee6-1c37662d0b9c	75
c4aa22bb-6e88-42bf-a1f5-9f75a602a8be	2
6e16e441-a218-41c3-a29e-4d69b0c3324c	1
87e89bde-7d34-4d20-b78a-efb9349a201c	75
86091031-68ea-4b9a-ad30-3f7a386ccbf0	211
6991ec77-df17-4c22-98fe-a6163de8d9fd	10
375a6e76-5dfc-4ad5-99b5-1a9d81b33eac	11
39b06e21-8e91-4efe-81cf-8a32c01722d5	48
0af7ff7e-53aa-4ec7-b22c-468dcb9337af	45
6ffe0a23-067f-45f7-b08b-6e420a21e504	45
50290fdd-b52e-45a7-ba8c-9c40c04004d5	1
3a987367-53a6-4888-893f-757bb8a2dab6	30
eb87e95b-b377-4f7a-932e-9808f2b69bfe	30
09fb1d1e-b52e-4208-9cda-029d14b830ba	100
a9af6f4e-02e4-4ac4-ad30-8986318a2e53	1
dce81d59-a07a-49a8-8c78-adc15d6ae6a4	14
2b5cfafa-2800-4d93-b88c-c62fa93ca87a	30
c993bef4-7b9b-4238-acc5-35c933ccad8b	375
2db96e2d-0f94-45ba-bf0e-7c42c27d3567	50
ee9dbf75-b960-470e-a98a-3a6b6bfbcde3	20
e8683d57-8a45-4cb7-8ff9-9ff35ee52e89	20
69acf962-f55d-4e2c-92b1-4fc7208787ab	4
2c9a3289-872a-40ca-9b09-06fd5ef6dc48	5
32a3a5b5-447d-4e21-9fd6-3857c6aee988	1
28a621e0-68a9-4cc6-b422-29ec5567eb78	72
3858d95b-c2ee-4302-a21f-11833d19d34a	5
34577bf2-13b8-4625-8811-941a030537b9	30
7c491649-2d21-4667-aad6-caf70beb98f8	1
d98ed342-2fb1-44d6-b830-7c274ffd058d	30
7938275b-81cc-4a1c-b093-468db55c4168	20
aaba0057-0929-41cc-922b-fc8798d4128e	30
69e4b06f-0829-455f-8969-253808260d46	5
d591c9b3-e434-4781-a20a-d7a21cd51e9d	1311
bc8df073-13ad-4eb8-8507-685e3c6614d2	15
4a056018-a135-474d-ba98-878979582426	20
99f7f4f9-f8c2-46fb-bd86-27d10bae5487	10
45c5d7cc-ce61-4fe4-9e77-c63649cf32df	30
ea579cd6-6389-42a8-9495-d64f53af630d	1
da5f6e9f-ceac-42d2-bc41-bde798bae1cd	1
6cd4e715-de99-43c1-9dd6-5b197358d76a	3
f20bd21d-ad12-4ee7-b269-5cc874d40c78	1
938db56c-ba47-4d8b-95d1-f1b8aa77378e	7
ac16e6d2-b858-4330-8768-2e2ffa1894bd	7
351d9e67-d2bc-421d-ac37-230c6602619a	75
12e0ab46-d064-481c-a032-0003942e2064	2
70238357-ba5c-4797-a439-a2f5ec11fb50	37
cc3e0807-4906-493d-9b1c-4c54223bb430	20
510f7e43-d295-4dc0-87c8-e205b01120b4	10
994b0530-69e1-4f3a-a4c0-11ea0dd4dd9a	4
5bbc5372-bb39-4393-84ae-4074ffb96424	13
50e9763c-e937-4ab7-9a2b-52aaac0929ea	7
8d568926-e566-41ef-bfbb-379912ea216a	15
323db151-aa22-4371-9195-5fa42faadee3	20
a5afe443-5492-498a-9cab-b4d1aab4a6c5	2
b5b9679b-2350-4d25-83cc-cacde78c7999	30
446ed0dc-e656-468b-80e3-d31a6caad28f	120
be21dc81-8944-4055-a178-603838f5c535	10
d27f7aa3-d898-4086-aedb-0d5f3856b098	1
e931a110-a296-4c97-9e27-9362ac9ba142	19
d25ca927-cc0d-4f49-a5ed-ec6ddb5c12ef	1
4795278c-607c-49c4-b4ec-c58eb3444c42	150
ac27fe67-e12f-48b4-a621-beb3c47cd668	1
1459dd88-7d62-420e-89fc-1032e835eefb	15
87520447-f51a-4d3c-942b-a2c01a10b0e3	93
b1c3f025-8a2d-4aa5-b0cc-c14566fdebdb	1
59abf79d-0f36-4562-b86b-c65e25728d28	8
27bce302-cb7b-453e-b78a-5922f8254bb4	10
4fac1dc6-7780-4e05-9942-97e2aa1e0bba	1
f51515ad-3c7a-470f-9196-4af9fe19070f	8
159ed19d-4b79-437e-a4b7-55a179179ffb	100
7f1061f6-103c-4243-9727-954795f91e03	1
affb3580-ec76-44e6-9462-67abed54af2e	148
7d93708f-8b75-40c3-93ae-a7370e9e8689	1
d89c6378-08e8-4713-8b61-1e0c96101311	1
2e2db3a3-5a9b-47bb-94fe-101065639190	1
bcd1ceac-4ccc-4700-8726-f9d542217316	40
d73e0f31-3d4b-4b9f-84f5-3f2ec03d6c26	15
fdb83697-0617-469a-9392-109aed0990b5	65
c9d45bee-86bb-4e51-bc8d-c44e1d1ed2d4	20
4be979d4-d04c-47a0-8f9f-66cedbe16d4f	2
06c0e18a-c637-46b4-a89f-dba0038f182b	4
7d6e658f-0c1b-4a33-a0c6-4138fe1e0011	2
ff038b3d-9ee3-4da4-9b29-df12468273de	130
e674c96a-d1e7-4b49-a74c-33be8d2b91cd	12
da9d8c3a-9f92-48f6-aff5-0078f9b7b92f	30
3d955dc5-4637-4d71-a761-571c5f94d003	101
894bd85d-83f5-446b-963c-01f425ba6391	1
2a90b247-cb02-4d34-bfeb-d5638e3d7625	3
23aff9e4-5c35-4f37-ab48-5eb5d7377802	157
25c6f09d-106a-4505-97ae-5101a231fb1c	20
de90de86-55e2-4516-a4fa-a907cbc58c9a	24
ae295245-6403-4490-a785-061ce3bca93a	1
ced08657-0891-48bd-91e5-b02a66565afc	460
49d7e64d-af22-4b5e-a925-b78c9b31bc77	20
1726bb29-6582-428f-9276-316c304a61ea	20
cc7060e9-b49e-452d-9253-8af0b52dbb40	1
6aa14192-fba8-4022-a78a-47b519fc324e	15
a51678ac-f22d-4f79-87ab-d2f3499b467b	30
f0a75457-992c-4111-92ff-c1f63639fcea	1
4514483b-d634-4970-9209-ac7fabb75404	2
1147c3de-9bd4-404b-a031-5be0523b921d	170
ddbe3971-389d-4bf4-945e-0bbe6c247448	215
14217d04-eac1-4348-a296-46ad2ff04d99	44
1b1e8fd8-e2bc-43bb-895c-b02bd756f6d5	50
494fef41-1fc8-4286-a63b-3a85de1b48a4	1
e58c29aa-df49-4455-acc8-e8e1e26989d4	1
20054b6d-1f0c-4349-a654-2a6dcc0ad7e3	15
1fdc0e83-03d5-4bdb-a35e-7da22d697e12	2
e25dd629-640a-4ea7-a727-00e1005f286b	3
50b3626a-847f-4d66-b997-afa87d4a3c12	30
23413a97-b4f5-4637-81b2-906c95dfc527	2
e729b2f6-c9b6-43fa-81bd-dd3cc92dedb3	1
1bcff0bd-2267-4ccd-ac08-f9ca2c5664ea	30
22747d78-0e36-410e-878c-f00cfe310b67	30
e7bd5755-d26f-4d5d-9a97-59cc6ca31ccb	20
d3c6a8c2-cede-4beb-bc3e-cc6ce9daa509	1
0f21eb14-a93e-4020-8c71-818368410c11	2
aa7c1464-5d0b-4269-91c6-41fa2974edee	3
73443903-1778-46c2-bd94-79903f4ff03f	50
844dfae3-bd5f-4eb7-876c-6249c41cab26	61
e9210cc7-4b70-40d9-bd06-7166b899c7ca	3
39b39643-c092-4ac2-872b-b22e6cd1df5a	2
f224c2ef-6a2a-41b4-ad32-a6f6dbeb9209	59
a850d242-c02c-450f-8e19-78dd47a5c068	10
d32fd1f8-6462-4ed2-9e97-a0bb365c67e9	12
3dde7e7c-ff5f-4471-94ce-19edc33d4fca	3
77929272-267b-4994-a9b9-059815a7d29d	1
183713f7-9877-4feb-aa53-aa5e44a50290	2
9b8656a5-d01e-458c-8495-80cbb631ff46	20
41356826-2f23-46e8-b8c8-645f4477465c	6
4c203eb3-0cfe-4ba8-92a3-9682a645e232	50
358b5fa1-32b4-4f57-bd65-851faeb77ddf	179
9a15c6ea-3f2f-428f-a7d2-cea0dd8da150	1
6eb93a13-ed09-487a-980e-ce0db6769fa9	3
2cfaccaf-c83c-43c0-9562-e7a1bdd3b6e2	1
cd119c16-7190-4a99-8f93-5739ce9fdbb2	15
6ae236dc-a151-47a0-8db2-edef941cbeeb	10
52ee42ad-b80b-434f-9e10-a6154b35d73d	1
3a4a8594-1411-417b-b42b-3251a90b0acb	60
4b6a9c09-d01b-4963-a00d-fe162b9d395c	30
bd75e99c-8c1e-4507-ac09-69b7899913ee	1
487cd30b-f51e-462f-b602-d083abb81bf0	19
091044cf-3d00-438e-a529-88ba732e0c11	30
da94b3b5-0689-4e7b-8f86-fd077b06ade2	10
a82feb29-7352-453a-ade6-cf75757944ed	1
bd6ede52-7b72-40e8-95ce-f0337ef367b9	1
eb5141ca-5b4c-4e97-ac47-57457ba198f5	26
81dbfe94-3d91-4590-9469-ae161c3219ee	3
8737e717-7228-4319-b772-c6e81e44ecd0	20
fe937d1f-878a-419e-b101-3977d87fed8a	30
e4825f2c-3c36-4428-96aa-90f8faa1eaed	18
e8ae89ad-9510-4f0b-a15a-2798e210e68d	1
ad6fb28b-6787-416b-ae33-461844ab9ba8	20
71ade5f7-74e2-4419-a234-fe00c0b51396	8
0e0204d0-5549-4c5a-b6f1-ec69cb289e20	20
1682a5e6-0c40-49e1-9b50-f74c4f2c72bc	2
d52fc1c8-ae5c-44cc-9ccc-23503b4d2966	10
e63b3acb-7f0b-4a17-8568-6e6c40bc671c	10
73438d78-806c-4550-a395-bf1990cc1da0	1
a26d263a-495c-421d-afe3-4c29a2f02bb3	2
428d2600-7c29-4e76-b866-af4bd7f0c853	50
4321e022-f4bc-45b1-86e6-f5d6aa3a5340	15
0390580b-4869-4cd6-8a9b-3a966d131340	1
971906a9-f304-40c9-a376-a2dc8d3e1aaa	4
b067f81c-d680-417b-86b5-f3eb6720a0ad	1
92281c99-5131-4a3f-a6f8-b16a3ebed27e	1
1681e3f7-9bb4-41d9-90d8-8f4340f05d8f	1
ec0e455b-53df-4bfe-8180-83c2f0ac0d8d	5
fa709513-7c49-421b-bfd8-df2aabdc575d	10
018bcfc9-1356-4caa-a2b0-ca38d5aa68df	21
318822fb-42e7-45e0-a6f2-2d29a531333f	407
58cd1cc9-4aef-47fd-9a2a-122e8216b39d	61
d3fb2268-0f50-41f1-b417-4e7a842969b5	30
2294fc2b-19b2-43af-bc4d-00b0169960f9	2
e6f7ce94-16d2-47a6-85fc-b6c31ca44268	85
a8eadced-8529-49a5-9587-f2878d92b656	10
71d65be3-b936-4db4-9073-8ba01fd48f79	1
b233c2b8-86ab-48be-b4b2-b8f44393c16c	1
ccc2f315-e1bb-47aa-a2b5-203d612b8190	1
06730088-dca0-4b8c-b032-5480793d0346	2
5164f0df-5b6e-4bb2-9e22-803eec29c229	2
d0d80af7-8672-4ba1-9d9a-2ff5f8e2cbb4	100
be344a2f-4467-43db-8be5-2c505e74fc4b	30
ecc24c9b-cfc7-46b5-b321-c0f620a8e69c	6
d8759b62-72c6-4d80-a05b-bfeb3b3b4463	34
027ff42c-c7ab-4a50-9c56-ea4f1ab31e07	2
e2eb7183-b894-4fde-a4ad-8a0cd7a97a9a	40
46df9949-b63c-4fa1-ad49-5633178dceba	8
9e23cbf1-339e-4779-88ad-d485dacca60b	4
2f382b44-ab97-475d-9b2c-7d995598a329	10
5de8fcbe-52f5-476a-ac43-699be21c9da6	5
427f3170-aba5-4182-b16a-a60f31811757	9
45af83d8-92fb-4efa-82cc-6c16c6d23677	10
7335ab08-d074-40d4-a3ac-3e41d0689df9	14
40832a0b-25c6-41eb-a972-8c0969dba43d	20
c0859af3-524c-4f73-a0be-13d8bc9cce5d	30
f913804f-b377-4595-89e5-3d862e6361f0	14
3eb45a7c-0e91-4ba1-8908-1f5a3555a3bd	45
44545457-0c16-46c4-b150-e11c383d3d1e	1
30f075d4-5c0f-4638-90b6-6590334880a9	1
c0d9a898-952d-4409-8ce8-6693810e713a	1
4c56f17a-cb94-404e-bcc6-68045c7b7810	1
7801bb1e-0bc2-43f7-9844-f8585159bb97	1
899444b8-4857-4306-ba41-6fa5378df25e	10
93c081a5-924d-44af-a273-27e61ae22b27	2
7c38558a-baf0-4556-8f88-c1f941e2bf44	3
4dcdb8a8-2165-4c1d-95cf-a979d67109f9	60
64a2ae75-3087-4d37-b580-1fc802ebeb0e	146
40652ebf-bbe0-4f7f-b9c5-ee26493387f5	189
59fa3241-9d06-45b2-aa1c-ec40c5968711	168
de254d85-eeac-45de-a750-cd600bccb12a	21
7df5fa73-5c1e-41bb-8dab-5945f5324e64	2
7725178b-3e81-4723-a0ac-fd961e95ced5	10
dc065e65-3f39-445a-8b30-a1b28361d27f	2
a9bcb2fb-4f25-477a-8ddb-978c54c7a891	10
f1f8210b-0306-4e3c-81a8-867245b35a7d	15
00549032-ffd3-4315-8cab-46333ad4838e	1
6a7a89bd-c253-4421-93d2-067106f35e09	28
9effb43a-087c-4b70-b419-e117eaaa467a	2
c06c2c34-e3ce-448c-9bad-bcafb12a0e47	30
60182161-295d-4e40-ab9b-7bb0ba1a0832	30
17801d44-1a22-4643-bba1-c67b4431df58	41
21996e17-71f2-4c97-b287-8d6c3a472696	20
23c745ac-702e-46b3-aaca-5e97863be301	6
8ac9f312-623c-4c17-af03-4be86de7b41f	10
c3f83351-12c3-4570-a27a-770a62a8d96d	1
3e64192e-675d-42ef-adb4-5ddd5f90c886	29
5e9617f5-1626-4370-b52c-16db308fa789	15
ae8acd67-2b2c-4c9a-a869-ae54d2842f87	1
41f39154-d6a7-428a-b5e4-52f7c5de35b1	95
88748719-6cfe-42b3-9a0e-53a9d80f842d	45
b38e8bab-a66f-45c5-9790-dddbdeb3614c	3
aaa48535-e1cb-470e-b30e-45dbc9a7c09d	30
bedf3cc0-51d8-434f-9a6a-77b3451cc33f	11
f931c0c5-42ba-4fb7-bc8b-5d9571c1097d	5
1bc8d167-2cb0-49b9-9419-e860a32a4285	1
2669ee3a-c7e0-4fa1-8b66-b07cd12cf9d8	15
c93e0cb8-3d59-45ce-ab09-8708670ad017	1
9585f726-b1de-46b4-b884-f61aa7bd58d8	1
6c46509e-55b8-4bf4-8f8c-9e09e5b1620a	3
03f00f97-8f41-4105-a6bc-fba978b9a907	1
7e8e54be-715b-42d3-a03f-50e2dfba9b74	15
40085b7d-c1f6-4e2f-b15a-6a39ad6632cc	42
eb863f9b-4598-45fe-95a1-d1b02471904e	15
bf696843-6150-4818-8dd6-f1da760d0d57	6
67dda8a3-d1f1-45f3-8893-3115e1599215	6
520463ac-0e26-475f-acf1-5172d9b997a9	2
821d3cca-78cf-4883-b215-523e64a30078	20
6f45b4a1-8bdb-4fc7-a9a4-d2e16a0b91f1	1
5c223259-59ed-491a-8bd9-3920d585ec37	45
07e2a086-e381-4d39-9a4b-2d0a203e71e2	20
01c73b74-fe58-4f08-acdb-881337dc6384	20
88907cf8-c500-456b-a630-49630814a9d2	30
3f4f4fe2-605c-487c-b359-16c2cd98ae0d	2
735e6005-a67a-4035-8125-a9c2ce976c7d	4
484375ea-dd1a-474d-9011-da4c6ccbbef7	1
adb967e3-7ea7-45e5-b072-8f5f025604c9	30
099c940c-0f84-4b9c-8b4b-19185b9b446c	6
5b3c893a-2bac-4aba-b53f-502e472626a6	3
f18d5753-ceea-4a56-b92d-13c7494c7c0b	20
e5476ac4-45cb-48e3-bc53-a6eb2b26fa10	100
bd97b55f-5534-43d3-bf2b-e65c304a6baf	1
ed3decb1-0708-43de-b571-ccc7d11c5ba8	1
f699b667-6e71-44ec-bb11-afc7ff2ccdd9	7
218b9c04-8718-40e6-ba8f-21a42d155774	30
f23f6705-c96a-4560-9175-8525d8f1ebb1	75
04ef0a31-2d67-4284-913d-5691908f2bca	7
0cd76cff-0a3d-49a3-b08c-33390b7c878a	4
aecc9277-d8db-4bdb-a657-f25e6884cd3b	190
38bf566b-44fb-45aa-95f4-4ea8582fd5fb	45
8edbeddb-d1d4-4eb5-b859-bde8c3338c8a	15
2e0f181f-a273-40cb-8d75-bc5462f5da04	3
47a84f40-5fa6-48b0-a078-3b7eb253811b	10
128e9f12-c74f-49f3-a5e4-1623577b943d	3
8a211e5c-621e-42ad-9c1d-f2ff85e8731b	1
a98c9ec6-5977-4a94-8048-5016f5f92cdb	8
ae4bbe7c-2638-4075-947f-64d3eb62464d	1
3f3e7155-ed51-4a37-8a7d-206c4c3d1f23	12
0b9985cc-dfa0-4706-a17d-b5fb55b9e4aa	45
4ec9b9d7-d13a-4314-9990-a013b5881020	1
bfd82474-06d5-4e53-82d9-21e1d258bfd1	30
f05a32a0-428e-4ac9-a7f3-e4c9473663b9	1
7ff66543-bdf0-4342-a831-9fb9992d6805	10
1b609227-5534-490d-8e34-c2ecc1d24b81	20
5bb31845-860b-4ec0-9905-46437a8e7372	15
b8d9ccaa-67d0-45c9-9652-4aac716f6310	30
cfd0b821-4133-4c0c-aaf0-b06030864fa1	45
94dbfff0-cbf9-4a95-a7fd-b22bedaa9688	27
3d1f4042-226a-47d6-9650-1feb561ab9be	1
ccb9e8c1-8bad-433a-985b-995dbd668ee6	2
5d2eaf08-91d0-4b1c-9810-3abb18b43e7a	1
05885ba8-66f1-446f-aa1f-b6a684f0bcb2	2
3f605817-11f9-48fa-bb75-904d69595a6d	30
ba2d6697-4047-4a09-8c32-831ba28a78bd	2
43760b4e-85b5-4cc7-ae01-e097b7f8ebf6	104
40ad84c8-973b-40c2-8c9d-233a80461bc5	36
b77b0ddc-d181-4151-a7ef-4f01f8307415	1
fcadb2f0-bd00-4cae-91ac-ee7d2a7ed288	8
81aed8d1-e6a6-464d-a6fa-d989918806ec	99
81d07c21-533d-49f7-a8bb-4294f7f9c32d	10
9a0b304e-31dc-4422-95b5-70ecb02641ed	1
5d097ff8-a665-4a8e-9cf8-c53f322b2527	1
c765ead1-641b-478e-882b-05837c96234c	1
37eb874d-ac39-4335-b132-dd9dcfb0c6bd	2
5a8998bb-1a35-4ffd-8a04-c3e244d94cfa	1
89477cfc-811d-4c19-9213-982341d5c938	1
84fa6b40-773f-4f0f-a592-dd500ffc4ffe	20
08d837ec-2a41-4efa-91ae-34dae34b8a47	5
1f474016-6301-4b5f-9edc-27465c6e2a55	4
e20c0902-5c58-405a-a947-ce40a8afab3b	16
05979cb6-71e3-41e7-8e28-716bdf367f09	20
dce22ec6-4c10-424b-bea4-5074f0ea95a0	10
a44ab30f-86ef-44a5-b326-194e751af271	50
c8d0ec60-6122-4df4-a4e2-ba81dfd61a49	266
46f30a7a-ed62-42fc-aa11-bf944c5415a8	22
5fa76c16-fba3-4117-b6f3-b275c86b1452	2
21455cc3-1a4e-481e-be56-c46717498972	45
dbc0ce8e-6a1d-49d0-b215-82d419e200a2	10
34b53bc9-b0f7-4e79-8d05-68df2598db4d	4
a1ff42d1-b369-403c-86d5-41d8222c0614	38
3786d442-adb4-4bb5-88b2-f9baa22dee53	10
7ca8b2ac-2d98-49f7-8a6d-81369e6c19f9	5
9b218e4e-b118-4236-be5e-2aabbb012484	30
0a487f83-a716-4868-ad66-86d5ed992078	1
b1c72b1d-db7f-47fa-a3a2-3497c5238c75	10
4f3773aa-64ef-4263-bfa7-8f14cde886db	30
5e286751-c1c3-410d-ba51-daafbc7f3576	8
332f7ddf-403c-4f21-8b70-7c7aa4c83a69	1
47aa5301-fa77-49cc-ac77-d60a1ccc7a7a	41
5e5deb64-cc6a-4717-aadb-2b41d9b56b42	3
76125345-3be5-4808-b4d6-80b8856eff18	45
f24097a8-dbca-4785-8663-29b58195e685	90
1228800b-a7f1-4dfa-96a8-28f06b7c990c	24
fee420f9-5020-4fa4-8b88-ca783d46bee8	2
d34da525-52b6-4169-9861-eb65857d75b2	10
2b44f034-74d9-46c3-a528-f294d958416f	18
50780ef5-39e8-46ff-8867-f1524b5798e2	15
e9bb6e99-7834-4183-98ea-2f0a7e442868	10
d16ad25f-4769-466e-acf7-8976c080aaf6	46
3c1beb2e-61e7-464e-a756-c8d25210b186	84
33d62afa-4026-4576-b271-c6bcb12e4419	1
d2254a49-a93f-4014-80b7-a4351eccaa48	30
78e1ad1f-ae69-480b-8ff7-eb541118c1d4	117
e25a8dce-62e8-47a2-ae59-27d77c765d62	1
8bcff2a2-c1cd-4ccb-b434-7ed0880de21d	25
ce92d9a3-40db-48f3-ac1f-90bba9d915a7	10
ebeedd50-45aa-496c-8765-6b6e928b14c2	1
a055b5a2-f2c1-4a19-9ce0-78d0776e023c	20
6401f6d4-e32f-4e16-90e6-e0ab3f278397	28
03ebbff0-530b-4f8f-a7d9-7c8511277be5	1
fe0dac77-d613-4109-9ba9-2e577fe8616c	16
79fc1895-07fb-4dcb-86f3-41e098a77a99	296
f21bd745-9791-4a36-9444-980ea9ceb5c9	39
0dbe1459-410c-4515-8294-af6555697673	28
f80b7dec-05b6-408d-9b6e-12ef2c18bd50	1
28014ec5-57f1-418c-b79f-f3df7ad00f9f	20
daf6229c-aa7d-4309-9556-15a1df6057ab	48
97101244-8bce-4948-b695-1a6608d88f8f	1
629e4628-ea7d-4fd0-8aac-f35cdf98edf3	15
0908d208-ffe2-4f8a-9583-99890c10702a	1
ccb9452f-41cc-43cb-9c1f-2669e2e74e61	20
65f412c6-9b49-4c7f-bdd2-f158c63008d8	20
fd37d883-1577-4399-a61d-c3cc946fc63f	10
50cdef2a-d525-4910-8773-fcaf5b320fd7	1
0264e6a6-5b9d-4130-935b-8f5b3fae0462	1
4b37bc92-30e6-44fe-ba2b-6e599ad5a1eb	1
0572eb84-df3d-4c85-a025-0b4804cd07f9	1
2ec5e0c0-6a3d-4ba2-b0b3-7490652df1e6	1
a50add4d-f9ee-461b-b5f2-6d22221249b5	311
22599230-c578-4f5f-83ad-057580578e5c	91
b3998cd5-401b-4d62-bbd3-905a5eba61d1	1
03a73bc8-1529-412c-a902-eb8e6cd48125	30
94c14eaa-78c6-41b1-aa5b-b8b58255f307	1
c2e70ac0-2249-4020-a083-3c4aac98abac	30
b91af152-06a0-4554-ac22-53d28fcc2d93	3
3dfcdc9f-dc8a-4b2f-a685-9fa3992de629	1
c450f609-9760-40fb-aac0-9f2f968ad027	26
0324df88-8b51-422e-84f7-af5c1f4fa0c1	5
d5728e6e-d789-4922-86bc-a0acbe5e9478	15
92495a1c-3180-4d9a-9127-68d2e80a590f	75
f8e0b4db-2c64-4598-8bf1-c5031332519a	80
8b6759e8-526b-47e8-abdd-51c1b5071e42	8
73bed03f-bd68-49c0-8bef-5faa85820fff	37
28d67c5a-cce0-46a5-9fdb-baba24b652a4	45
1ea4687e-3d58-4cb1-b94f-bb209f86c45f	10
a95cec87-3118-4d45-a6c7-66057e5521a7	4
c37daa60-5b4a-4bda-9e13-f9d1adb1849d	10
633a0732-4eaf-4072-996a-70a48767a8a3	23
e377a02e-427c-4b8e-b3fc-9fe2a2d5defb	25
f027b1a8-2e44-4c23-a2c6-19921d1f4685	45
fcf4f0f5-3dae-4206-9fc6-eb1217df83ed	45
887d6f09-f95b-4289-b306-a90043b2d35c	30
2d1d580a-6fc7-4670-8665-4fa794345377	20
a8059870-63f9-4fcf-96e5-3c1e1890fce6	1
fb6a97d0-0167-43fe-bf07-f6bb83492469	1
5f641dfe-464b-4195-b0f1-1d9baee25383	15
9f403c6d-37f1-4542-a457-3ea922662143	1
99fb4e03-78c4-4885-9795-916fba17ff36	130
267de9ec-c248-4653-b47f-1c8c7abdc66c	1
e3bb321c-0133-4c77-a759-8cbeaa372e9f	20
a9f2b77c-0a2d-461f-bebc-dc1030b5d85f	6
dbbded19-baf6-4c15-b42b-dc6b56147096	7
d22897c9-e54b-4241-adb1-3afbe6584cb1	10
3475d2fe-52e5-4e71-a359-71aa2377671f	24
f356f137-72cc-4989-aeec-0c574dd66b78	1
32bf0fff-ce3c-4e03-be88-f7f828f917aa	10
12409a21-85bd-4577-9624-0bb5c9a56c7a	30
0115cbb4-5ada-4e83-b333-334c7c3dfcaf	30
9b65898e-d6ca-41c9-9241-a659d5b980e9	1
1e0fff00-027a-48a0-83dc-e74e9901aa6b	10
b9820ece-711a-498d-b56c-30ad5a933f61	65
7e874aff-87b4-4a06-abec-e2fc05486718	4
bb705a31-3d32-4dd6-b723-8c1d57d215c6	578
669b67ce-c1b1-445c-ab29-f4e3a55d748d	1
d5dbfb81-3f68-4863-bb66-702c63483e39	30
fe3bc06f-6125-4a02-b334-2894234bd55a	90
3bf5cbfd-fb99-447c-b2e3-f289160bffae	75
451c26a3-9ab8-4913-8a3b-9e2f679db57c	1
593f3062-0539-4c15-b4b5-5027556e2436	1
fa033f03-2628-4f64-9167-eed658257112	116
82831beb-fd61-4da6-ac16-45fefad9c7ce	10
af854780-fc6a-44e3-baf3-16be23711dd7	4
d67f2332-11b3-4603-985d-6f9e975382de	4
75ca9d99-cded-4871-9a30-5598bb2a05e9	53
6d35ca2c-12d5-4c15-9ba9-6a6bc2df078d	30
05fa2e73-9e45-4376-b513-ffa21022086a	4
f4e791a4-da3b-435d-a126-4726fc34c2b7	9
ebeb38d8-bf91-4d24-8871-f1bf8d47be8a	1
01cc51fd-a510-4e5f-aabb-14674aa39a40	1
43a3c27c-a843-40ca-a59d-9d0f259e79ef	2
a2c3ac7e-f68f-48e7-b5a0-e5024813b3c0	1
a418ffd9-5feb-49b3-a522-e5c1b1c392a5	60
8b6a652f-01be-4b34-83dc-ff45cd521cd1	72
728519c7-899f-4e3a-8432-8f67c16281ea	112
0599cbb6-69d8-4b58-abf4-34b90546ae40	1
6200cdc1-0df5-4faf-8e8d-9bf956f10e6e	4
3f4cc109-b832-472c-ae6a-5407ca778046	221
1dbbb55f-2e32-4817-aab2-e75db7c23dff	1
7666188a-944b-4c85-8eaf-cb760a420207	30
3ff06004-f2e2-44b5-b129-b2bb5224ed6d	2
d7080cf5-f13f-46f7-9ce0-02bf7724c7c6	1
41f45b34-e6bf-4e70-bf62-7f90834bf393	1
bf8260c5-2f86-4572-91fe-e0b998fc90c9	45
2a0d9a52-1cc0-4952-a1c0-59c57ed14d68	14
8206b1c6-bc61-4f91-a178-fd329a37cc86	1
16e9b113-63a2-4675-b186-d3b3be8f9ed0	15
1388f239-a7a2-4c38-a3cd-f447f4d2b4c5	20
8087d7be-136b-4729-9da6-ca1f90e9ef57	2
abebef5f-6da8-4b09-824f-85f0a241221c	9
296ef80f-ba80-415f-b6de-f333010fee82	1
4d5cc281-455d-4004-8b28-e3c306c6f039	1
4b42190e-5054-4a40-a0d7-6f1ceb053b39	90
bba5feb3-5c85-4e71-aea0-7995ea572bb1	20
5b3d841d-441b-49b5-9ee9-87e1a936b884	2
95920684-a2e3-4ddf-9f71-205c6b643e3f	312
6e619449-f191-4cdd-80c9-8b51513e92b1	20
cf8b3f6c-d16a-47be-89cc-ef2f516a796d	2
6b66f8b1-7659-4db0-b641-2b3833433704	11
3af733a1-b8a9-4a2c-84c2-70126ed1f61c	15
ecb830b9-ef44-4505-990e-2844e6775c3e	50
124dcab6-f1d8-4221-83b3-9f6f83651957	753
d399dc07-702a-4275-92a6-e852f2b75fba	2
f19605c2-1eeb-4c82-b9e2-7e2dbede1d22	2
eaf3e5f1-070a-48c0-b380-3577120c0300	4
6bee7c01-9d3f-47cf-9f90-0ae19f388a0d	3
5096480c-6bf2-4211-a818-fcff2c2a4578	1
2b503bce-e04e-44fa-8203-60e55d211de0	1
60ac2bfc-132e-49e5-bca3-f00751dfdbba	19
b03b3306-0b3d-4031-bebd-ee0b470be7bc	30
d216882b-f68f-4cff-82b1-e3322b30018c	3
5d31a4de-e076-44e4-98cb-7f36b5331e58	3
aab6345f-aa7f-4e82-8d02-d9c4838d6c2e	1
f5ad170c-9e5d-4dfe-913d-8d5315e9936b	15
dbcbaceb-0616-45d6-bb2f-457a518cf09d	10
31cd6046-1074-4300-a22a-008388426255	20
70de311f-982e-422d-9cfb-39eb44428fd3	5
942e7f7b-4799-4c46-b981-fa21e5a9258e	2
d066985e-5967-4408-bdef-199d68ae59cd	5
930d3cbe-4383-47cd-b3b2-c29c0bec1b42	30
08069855-63f8-45bb-8b65-ac911c8e6e7c	2
dae784ac-e2aa-4aae-9dc1-f9bd87c0443b	4
c626cd57-9911-4d8a-b8fc-7777cae8715b	51
6ecd210d-0958-493c-b939-24a377697bcc	1
4c276095-cd3e-4e35-81c3-70dfef6e0070	1
690aed98-f4b3-4115-a298-dcb401b982ff	205
43a6aaca-df5f-4437-b0c1-15bc47f92d5a	20
a8514539-239c-49f3-80de-b6ae198a187e	45
3197bd7a-c8ab-4194-bd16-aeb045f1d2d6	28
9cb28110-3a12-499a-94c4-ed89dd1cffe6	65
1d3b8e3c-74c5-45f4-aa9e-7b90eb0aff95	6
796a13d1-38e9-4910-86df-ab0af37fcb0d	20
f7251bf0-81a1-4a5a-848b-2eec9fa9d917	20
0c12588b-ac58-4508-933a-f05f30fe0d23	46
1f12caf7-7718-4507-87ca-483d4b58db1a	2
60ae7c5e-db78-441e-b2c2-7396b3e7724d	2
4dbdfd4a-563e-4a67-92ff-e8ffe892aaf9	233
a6b05d39-9599-447a-95f9-a1a3c1dd921a	15
d2e1ddc8-41d5-4e87-8c07-fe50d502de7d	250
2a501c20-adc3-41c9-81d0-9ad04888777e	472
27c3d76c-3e8d-49b9-858a-97c3da7e6696	2
57ffa548-21e8-4a3c-a02a-9d62582de224	55
8333fd06-d153-461a-a3b5-11eecd578e46	1
6535b776-5485-4cc6-ba7b-d79c72602cf8	30
0c6213d9-ddf1-4c86-bea3-497d1b0ddadc	30
86f699f3-d53b-4008-b294-17a39986372a	1
86b114bc-4d6f-41a9-bd21-bb4dbed4091e	15
579a99bd-b731-4c6d-bec6-431fe5fc35d2	20
78ff6dcc-59ea-4dad-a43c-6afbd5b3deae	10
2b54ba0f-cb78-48e3-8c1a-64d2bfbca287	5
c60c4e7f-cbc9-4b52-af26-18c3492a1ef4	6
64ad0b91-9668-46fc-87c0-65211f73c7b8	10
a4a7d9b8-e9b1-40d8-8aa8-bca533fbaa72	3
34c2d669-013f-4a2d-9cd3-793586043561	8
369616e6-4eb3-4abd-b1e2-c8c04f50583a	20
a86da8d8-b2f6-4e17-b219-838d5e598d6e	154
f63ec137-0de2-4c4e-84f1-073a5dba444b	1
2546c947-1539-4d25-b643-b216af1cc6da	10
3d647da1-8992-468f-99aa-6e16cd95cf78	1
ca09983c-3b6a-421c-881e-5ec2c561d4a0	1
fb932f7e-eb64-42e3-8329-ed4d8cdef21d	1
3ee50bd9-3717-466f-ac08-11fbbfadde65	1
153417f7-e015-4031-a434-3e4f6268da0f	7
41b5a793-f0ed-4e8d-926b-b79335ab2110	1
cff7b823-0dde-4822-bfe4-7fd02345e7d6	4
f20e4d7f-9d27-4f9a-8b7e-21066e0b8d6d	10
1056167c-ca36-4526-a464-009b4c25b8ad	1
0648c7c4-f078-4c1f-afad-233313510730	1
4dd9ed06-ca5b-42b8-a303-85fbd6165cec	3
058161e5-625a-448f-a524-cd9aef58509f	1
b2243457-256c-4511-8fdf-d7867e492de4	1
27727dec-b38a-4f60-8293-5e83abdc15e2	6
647100a9-fcbd-4c3d-be67-6d888a56cce1	2
38948b18-cb07-4397-b9f5-e8c5a74ed43f	3
1f6fe45d-4fbb-42aa-9eb1-3bd9f8c37c72	202
a8904a7b-a4cc-4a90-a425-c32d895bd15b	1
59c73117-6bf2-4f39-badd-e68695471054	70
0bfd3cf5-6e50-44e9-8b8b-b8757fc62714	1
50e6adb8-7002-4b8c-b5f6-683796144b4e	30
9a923853-0603-444a-ba8f-2038055d5f4e	185
868d21ce-8ad7-4bf6-8787-97020b129577	4
70c96da5-9059-4b0a-b9f8-cba6b99e6556	100
eacaa977-cdb9-46cb-bc15-27703e425f1a	3
88a88517-7a3d-421b-ae48-ab5f3c62b0f8	10
f750c7c5-33e6-4211-9627-a95cc73f4cdb	1
69eb1ccd-89e1-40bd-b985-2f2f6dbcbda9	15
3f2137e2-c6a5-4d25-a98b-f98f5345aa6c	159
203ba702-87ad-4ac5-a51b-7c3cdbe426c1	1
5f73ad91-823e-4cb6-9c71-05097e4194a2	12
5873b17a-12b2-4164-a866-3119d6f8e231	45
ef066468-99ac-4c76-8316-71dc474d54b0	1
59425a90-4b11-46a2-a509-127b26aa545e	2
99eaab69-5652-48a6-b22e-9577d8aca7df	1
1f547c45-90c7-4ae8-9a02-163e7a1de542	1
5de578e4-5cc1-4a88-947a-7ee9de2adc6e	20
e6717343-39f3-4137-a367-ea23855d5642	1
edf5c3fe-fc21-4e2a-b641-a9d4e16c96d5	3
697b051e-2dc9-4cef-aff1-6bcd767d583f	1
f6f6b1ae-2306-4d02-941d-c0e90f7d3fa3	10
0bebd2e8-f3f3-4e07-9670-3a34993d4369	98
5ed71afb-5d6e-4b30-b571-d6225b6c1e48	15
f44bf629-1e81-48fd-aa18-90596f660aec	15
55389091-14ea-4585-8f1e-d7a13a6d3b7f	120
ab5d2b89-c3f7-4dcd-99d6-184519294979	1
7af6237e-435f-4254-bd0d-c3f14ac2fedb	6
c778be2e-a257-4681-b972-d46c7ea37098	45
579817c5-642a-438e-bc4e-b3fc4c6ab46d	10
d121dcf1-e3e6-495d-a3da-bddcfc8dd3d7	45
2f5b39ae-9db3-4537-ace8-b6864551738c	9
791b343b-819f-437c-8514-c653892c321b	8
090ef8fd-8cad-4515-89e0-6e7ff9ca4f26	45
03f74b80-f224-460f-84e9-40b90e0f28ed	15
6e4fc08e-ce4a-41d2-943c-90355bfeb1df	198
60f3e157-44a5-42b7-837e-9334bc7d0434	100
e37ba9b0-f454-4d40-91f1-31de6c3b7094	4
bbbe60d4-9805-4dc6-8686-41cfcf3b788e	15
f9647fcc-74ca-46a5-a695-c26208e55d85	20
ff822ef9-2e8d-424d-b994-6ec85fd9599b	16
1bdd75b6-6034-41e1-8c27-ccc935af88cd	1
72dc8921-33bb-4a36-8116-58001fc16fe4	26
f2d42ab2-0f1a-45a5-8f50-5010ab8fd9f6	1
9572581d-7239-4b90-97a5-c9d88bbc9327	3
fe6bbc2b-b294-4a11-b166-e49ef1d6a6a0	20
d8141458-8934-4b26-9078-8c75dfb73230	10
17b9ad31-d72b-4ebb-81ea-c9f5007cd7bd	2
5dfc7873-5271-4ede-9dbc-352b2c9de7cb	40
3880391c-2855-43b1-9bfb-8cfcf31ed95e	7
474c4b24-c553-4885-b4c4-a07eefe34dfe	20
fa294c5b-7024-4725-ba1e-9d1c9a1cdb68	90
af2f596e-bef4-4125-bd79-09c0667f9f7d	11
05c95f16-3196-4312-979b-449cdcd2cbee	40
5197a505-ead8-408a-8386-e863ad08e87c	1
3b4a4d44-f830-46d3-87eb-125ba3a4febf	4
31541440-ff40-4562-9ceb-c2bbb905cbef	30
aaa65bea-257f-4c90-bc1b-d4c0d2ec596f	1
605955e7-3314-4fc2-86fe-2d9d9c606d56	10
0fa5cf60-b6d3-4218-a717-f4fee8b380c4	1
33c84755-c1d4-4647-b736-2048e3fe4094	15
aecf1236-8550-4242-be4d-b99b66e8fed4	1
e7292a69-f1ae-476e-a147-2d753cb8c135	3
ffba57cd-cb02-464c-9d3d-6d835ca27f58	30
bf8b5157-fc5e-4296-a77d-1b91ac4d854c	2
335ce321-8c28-46a2-aac5-0fe59fcf8d98	1
359a4d1e-1ee1-4c8d-a5f9-16dac440f170	30
75cd646f-79e5-4d32-b830-a758b7957ca3	30
f42671fe-fcfb-4eb3-80b6-9e7d89d87243	3
7e5899ab-36e2-4d2a-988b-05adc4898e69	6
0e7927c5-1581-4986-bdf6-5bea4b0d26c4	6
b95efe06-8eda-478a-b920-23f8ffd393aa	423
58c1bd94-061a-4a7b-b053-3f05d8771b14	4
49573145-8f77-4e8b-978d-d8c7927cc11c	10
16691720-e7f9-4e0d-b33f-28ec62094ae1	2
f980c6f0-0301-4d36-97d9-2fd9515c7801	10
2a29df62-a1e8-4f7a-9502-333f040d9402	5
f972563d-96d9-4af5-bc5e-c11d451411b1	30
660805c5-9a88-4c64-afb3-972c2a36b193	15
465c332a-c807-42f2-b1be-a955997ca9b5	2
1a1d6701-233a-4e0c-91b4-afea9032abf5	70
27f9d773-5ee3-4d26-b592-8909f0f375cb	10
9b3e6940-d6f6-4851-ba96-e2e48856dc24	4
f9ce33e6-9c6f-4981-bbd9-f9b7461d8f4f	20
2b4f97fa-1b77-47a0-b37c-d036251f3db3	3
d327d579-3a91-4940-8a18-2524a2892a07	10
a5b9773d-ddb6-44fa-90fa-2194afedd8d7	22
854fe6e7-7f71-478e-b1ba-b16cf8dc8599	48
7f3ec5cf-647d-41a6-8bf7-b167efdb2d64	94
8e87c63a-23a0-48e7-84b4-dd56a55d0031	8
1d9a0313-1236-4d9f-b96f-178cbabbd389	1
794bc42e-16a4-4c8e-b105-7b66baf92df4	1
57f63165-f8ae-42a9-a5c8-2fb35860841b	19
426c39a5-9660-4abc-8777-bde74c9b1f0c	2
6353d423-faf5-4e66-b54f-d02b9df4a8dd	1
ba0b95d0-404b-4d6e-bc38-bf3ed6adc96e	2
38172e6c-3670-4827-b49e-e4ba2724a0b0	25
481f714c-af6c-48da-bde7-7e44a6e51468	4
9aa53911-6b5c-4db7-a281-16aefb2dd812	130
ff839a2f-3976-48c6-99dc-af2a185ba008	5
c2d6f911-3c49-4e96-9e33-0e5d928dc0fc	115
bf335166-13c6-4258-bad4-5d65ef40a00a	2
7006f750-5289-4968-8b3f-ff29d831679a	70
4ecda52a-68f3-40f5-90ff-bc7b3b815bd2	90
cba08ba6-aee8-4fad-8d26-85abc3cbf7c6	201
93f31f4f-2e65-4bfe-8576-1b2816c1a0af	1
a2afb1ab-204e-4d3b-909f-c70db3ebffa8	188
c82e5251-8162-49ad-8423-6f3aff98a186	261
fff59afb-7c81-4e4f-8777-b591df16f981	1
4dc5f2a9-d519-43ab-a088-7a800ef249d0	1
ac6e441f-3f2f-4351-9c07-970db540eb3c	120
32916558-9f4c-4dea-aed4-280b82c36e2e	100
bda94dcb-cc61-4dfd-8486-717253f4654e	10
7a0521f3-6ece-4015-a6e0-9916b3f1285d	60
23de0ded-da70-4e8a-98a9-513b6a6fc579	1
40b02376-5abe-4d6c-b742-bc1aa0bab24b	2
bf769df5-d5a2-4169-948d-6f48539f04be	20
fe82d7b2-5fd8-4a4b-8f13-ededa6dfc241	18
99549159-f4f2-4855-89b8-112bea30da7b	1
cca7cd42-08f1-442d-9f67-8d676f4527cc	14
74fb091c-539a-4076-874b-9c7a74a4d3be	2
b3cd9afe-f79e-4c2e-813d-bc5d4b70f0ae	45
be53c80e-92be-4a33-a10e-9f20af2aa509	1
cd00bc51-1b7e-4aae-b2b8-d4fca84920ba	1
2e7fe107-101d-4cea-a783-2f1e04b52f40	15
4d59e3c2-188e-41f6-8634-920b5da7a3cb	3
6a793d06-9800-4d74-b94a-a846e9ca98be	42
aa130211-15d9-4252-9b18-044a35a8a958	63
61b85000-ed12-41e2-8b08-c095972079f1	1
9f94fb8c-8ea9-461e-9637-c42cfc3d887d	20
fe910e42-6d8a-4fd0-ab15-3d884134d4b0	1
b2e789d9-971f-4a0b-92d8-91835dcc9217	90
f11efd39-58ff-4672-b581-cf00eb9151d4	19
d543f9cf-e27e-41db-8d6f-3a887fc5e29e	12
78067fae-c552-4d88-b68d-f2fcaf6e41ad	1
ff348b6e-6d50-439d-9b3e-1501eb642730	30
bf73be7d-8e61-46b6-9a19-37eec2ee4e5c	30
680c41ab-88b5-42f3-91c2-4a8ceb16f00f	35
3ac54457-81c8-4cf1-b88c-c267ba0d1fad	17
a3fcd406-80cd-4386-9d75-f0beecdc5f32	10
4d7544aa-ae91-40a5-aca5-e673952104bb	1
27a9e888-a3e2-4e42-8761-1e7ceafb8444	15
7269cda0-842b-42d8-a81d-783562715307	45
d0f00b18-015a-4582-b534-bd272798b57c	1
d5f84a35-78fe-455c-b85a-da0a30414f6a	2
be7406a7-d4ee-4106-961d-ddbf0a86f3c4	2
8b0fe426-414d-4281-9721-80a06a6bf11a	3
9a33f6f7-052a-4699-a8e7-4f9e1dd106e3	10
a73a6721-89bd-4d5e-9d57-94fe0aa640e1	10
c1c81961-8e72-4b0b-bf1b-47959d67ae3a	3
74ec4043-9ecd-4615-a401-1b37e68f2159	28
0004d189-af30-45d3-b00c-1ebbe8d3d925	2
3a66b2c9-11d3-4523-8b54-a2937cec0e7a	60
4fb1c967-f332-40f1-b949-26c13b7772d7	10
07965c30-86b6-4a24-8513-0f027b03ca0c	3
1c2fdbf5-975a-40b0-a91c-32ba012fab22	1
b68fd774-a45d-479f-a5b5-e3410633cb05	1
1fc18a7a-cc5e-4ef4-948d-aa9d0bbe25f3	30
9d14b0c6-66e1-42ab-8ed3-d5e8f477cc03	141
d1037b51-f4c1-4409-a049-0c4b483e741b	5
3b7fe11a-9334-46d1-b05f-6c86aaa68f7c	6
f1c32c14-661b-4971-9706-1a9159db5da9	70
5be6e5a8-fc27-4fb4-87f9-58ccafbccd1e	7
29e2a2d8-1bcc-411a-a185-8a5e729c3f95	1
ebb59eb6-a65a-4e03-8b10-820693a89ab1	14
6af3add3-cb2f-4240-b31a-6b6028b62649	1
415e0c70-6152-4ca0-a6ad-30be1bc35bc5	15
b369a33e-6500-4caa-adc8-b92797b2591b	2
958dd9f4-321d-4202-b46c-e99daa900032	6
b8edbc00-db2f-4472-ac72-5bc797f1a31e	30
63ec05fa-4d81-4169-9289-01a55a0b5dd3	120
a0fa7ece-ecf1-43c5-b1e1-75c5b1ef7e2b	90
72946132-7fc9-4632-aa0f-367c2640d9b5	20
d2516ba7-76df-4dbd-b1f6-94e1b70b2a77	1
6522a5ad-e649-49df-a16e-dd104de3516b	1
0d6b3931-22d5-4a10-ae18-ff92539c2f8a	10
32ff9fab-ccfb-4a73-b52f-7fabaf49b42e	10
4dc7c742-6247-4ef7-a97b-42d9b4a84b23	1
4fb98682-cb58-4908-9a03-0034ffb2ff84	30
4f87beed-121f-4561-a38f-4ee8165a8015	14
7937e08d-f6ea-4d7d-8d42-c533fe426a6b	30
d08dd642-584d-40a3-b9f9-89cfda357a35	6
86bb962c-4658-4f83-a532-f4777d484957	30
dda96426-b775-4eaf-b9ea-9701c4e191cf	5
713a4958-ce64-49c4-9f6e-2316a157e15d	6
2a8f643c-dd0e-41d4-9083-997814c94850	15
55140bce-88e0-433d-88ac-4372663f6683	29
0b3e7c71-2bae-4beb-8f1f-7ccc410e881d	2
cdddddec-becd-4195-9dc4-b8c0ced0ad7c	4
b097e366-47a8-4563-be6c-1486a8908e48	498
6a49099e-3678-497a-9131-1f1675fc28b2	155
64763a95-656d-45c3-b1ba-d7066d1e844a	191
0429aedb-b4d1-401b-a0ae-36ac112bbe13	40
08b494fc-f7ea-4ecc-9d67-a872ae19d22a	1
a07f5ba7-12c0-4102-9d2e-beada8af1736	135
486ccc9a-dfed-422a-97fe-b79a17fdc538	4
28c4d17e-4d92-4086-a2d8-c334e719c078	415
83321524-252e-4232-9dc9-e250b8974e68	1
07259849-63a3-41e9-b92a-ca5cc5f2106c	1
c6d5c416-15f8-4b98-a166-30fff713d9c7	6
24d51cd6-4ee9-4d2c-a696-d333817aefab	1
1a2f9e4e-1e88-425c-8a01-f3d65c6d19d1	1
166e5455-1b25-453f-a3a0-73f967cec33d	10
23e4e598-c77f-4db6-88cd-3d048e1c2763	1
9bca2275-9d8b-489f-979b-58f15e7dbca4	1
0d848e9d-89e4-4713-8a3f-17efab004c38	5
fc7ed123-ddc8-448c-a1e5-20cdf608d4cc	1
0b19bced-88aa-40e3-a0fd-114472c8679d	9
b381b697-f086-45f9-a04c-f197a48dad57	10
d7309bea-4bc1-4b0d-a824-879ab6362478	14
799b1754-a47b-4af8-b89c-572bee2d8bb6	30
efb34a33-8eff-4b9e-8842-5850782c555e	4
571afa41-8731-43a6-98ff-bd8fe54d6d97	1
f80b7f09-5cd1-4c40-b249-70e4f6066ff7	3
0b2b062a-23e7-46da-8114-ac6dec025db4	10
55b3d332-54c5-481a-906a-016d492d8f29	2
d9ee7f53-564e-4b83-87a8-0c1749590727	1
ba95c90c-08fa-4fe3-aadc-1be3e2ea79d1	10
feb27baa-4350-4152-994b-7d943ec2bb22	4
82881f7b-2272-4983-b2dc-e351f5c973de	95
05cc8d2b-dbbc-4bbb-9a01-d4578d0ae209	16
3e7642ca-05ca-457f-ba35-582b89d0f748	2
7596bd02-868d-4ef9-a13d-1c15e4f55f1b	30
60db5cfd-80f6-4f8c-a790-d890d61dedd8	93
69ece7c9-028c-463c-b2f1-1a19c31c19f5	558
97216513-4a4a-4542-bdb0-2aa8add3e45b	15
c46bc9c9-9757-4c85-ae8a-2f0320275ba7	15
384493c1-e39e-467a-b7e8-bc21b82f417f	5
7d9b200e-dcf5-413d-9b36-b60b9ce27b86	1
7398a676-83fb-45ce-9171-43bf5b6997e6	3
bbdab12a-b9e3-492e-bea6-561870d215cf	4
e94666ba-1993-457b-b4c1-89fcacbe35ab	1
31dad8ec-62a9-4812-b6f1-a9be19db3d6b	57
dd6ea400-025d-446a-89af-6e4b8339f3ce	110
8bd64603-be7d-4383-9aad-49970d3aaa8d	56
34e4ec58-703a-488e-8f01-fb7526bef266	2
f17be09c-2e34-47d9-8f89-dda6b503118f	12
f84be635-6c8e-4a0e-ae7b-4ebcef55dc5b	8
088805d8-3aff-4e23-8626-b5c98bd5a300	85
f7412d12-f73f-40fb-ab8c-fd1c8dcacb4a	25
1bbe9247-854b-4b35-bfa6-97aa4647fb87	5
cb3f7a8e-a74f-4830-84ae-86f2b49724c9	1
7e667b32-5aa0-4b3a-89c6-2a1ed67c5eab	5
012f8ce0-ab9b-4be3-96c9-66add93c501b	6
fc0e7f22-8792-4c82-9647-a7f3042073a1	1
70fbbec2-a7d1-4e6f-9a2d-d4eb38e5aab2	100
b0178f12-454a-4ca2-be9f-958a9c863c00	13
c677fe7a-5e3a-4592-a110-7e6642978963	100
d20e5c0d-daac-49b7-bcbb-b232d1c44976	4
139e1a77-bfb2-4662-a72a-9f6d47546403	10
d5f281ce-c415-437c-961f-49ae5eba169d	12
6a06e577-9890-4eb7-8d6c-b5136a9e49df	4
776ee4f0-3cb0-4369-b22d-e800c0baf33d	45
a22c6240-678a-4268-be5b-e120d99b0d08	4
c890941f-f6c0-45cf-aa67-0657cf3543df	3
b27831bb-7cde-4323-a340-a384ab4be820	10
136b62e1-cf76-4609-9709-80213ccac395	20
7350a872-51c1-4bfd-ad7e-dddbe22f26ce	30
23b538b6-a99e-49ce-8809-09856c82d3e3	6
6cd8e151-bb99-4aea-8b8f-b3977692cb0c	1
fbbb0e2f-86ee-43c9-be70-5f63bcbd3d2c	30
c1d782e2-c4b3-4bc2-b27b-251c24013dd3	30
31fdd8fc-09e1-42d7-99fb-0b2228b21c5b	6
e6a60283-61a9-45b5-8843-9f9c3b1826b6	1
cfa64a95-77f1-4167-89a0-0615bf7e6dc5	10
68fc819c-284a-4f2f-b080-dd625fe97e82	28
30e68cf3-9d69-4058-a379-172bc26333c4	65
a4c22b0f-9792-4285-8ead-73dff0f280b2	500
db0e1184-5133-4bac-967b-c2b5026e76a9	10
dd513ff2-5a40-4660-b9b2-2bda9d44a7c8	30
d38f6a8b-ad4c-4efb-bf39-0f9109773224	19
8977575e-b1ba-416d-b053-a538e751b1fb	2
662e5be3-b41a-4748-b58d-6f5853bf95eb	15
1304d0dd-976d-4aef-8781-40997fc0a5f5	20
2545ebd3-ebc2-42e0-a501-072845182685	2
b18c0f61-579e-4dc1-860b-186de9d0b579	120
36c205f7-9237-464a-bef0-204f452fc8eb	15
3b10b99f-01ee-419a-aa53-675a3f4e57d9	15
a3b17ae8-7980-42c2-ab3f-c373bce49c8c	11
b3670fb8-ee5e-4fd3-8ae1-bb79278de8a6	28
ede0f0c8-1516-45f1-9262-09fecbc9775a	1
3e3ff187-f16d-4c61-bec5-a2df11acdb2b	30
f8a238e3-dbfe-412d-bc3b-0e6bd5bd5995	13
79189d67-d5b2-4bd5-ba72-64d931fd265d	72
0829bda6-4ed5-47b6-b1c3-ae667b84b284	1
1fa9bfa1-02b0-4ed8-b5bb-ec1b98098832	1
e59431aa-46c9-454e-829d-63d4a0d4d9b3	30
bbed6027-0704-4755-bd05-8365f0ebe4ad	75
5d807269-b442-43c7-a362-f5942104677f	100
958e4071-6e73-4159-8637-4c7278609da4	10
71a21c00-7dbf-4bed-b0ab-1d109b87122d	5
1876ae8c-e6d2-478f-aa5e-bbcd256b5dce	25
6a9f22a9-2160-4038-be27-6ee1d4197b43	1
b3fd33e4-1db8-4bf2-a220-2276ddc445b7	1
5f8976e0-2a3c-4466-aec1-3a35cc71e71a	15
aebadb76-1d00-40ed-b7ed-24b4062c51cd	15
abc8e7a2-b841-4196-a1f5-f6ecd677cc7e	40
80b56c02-9c5c-4498-bdf4-d04b12e9e889	6
f0529e20-ed3c-4c0a-938d-56183339ce3a	514
18e13360-7638-4e73-9073-dd8da4350b45	10
cfdd6903-77e0-40bf-88db-4e2e88dd9fb8	1
bd90d9d3-97d7-4a22-87d2-56e201864a4c	108
17c2b9fa-6e20-4646-b8ba-9399a7c4f294	18
aaeaff63-26fd-40bc-a379-5ebf12263757	130
5b7db092-c1bb-4ea6-aa58-331cc0458e68	1
044f97ba-aa6e-41aa-bbf4-867c6a79c0eb	100
d99ec06e-58a3-4249-b556-8d85b2dbbbfc	1
ff163468-5be6-4bae-b39e-9e2f0cc26e36	29
3504892c-4a14-44ac-b153-0c5e002b94d5	1
e094d13b-fe78-4d1c-a0eb-fb944b2259e8	7
96d1792a-d77f-43ca-aec3-300c800239a4	20
ffef4ed1-139e-4500-bfc5-5c60b117594a	123
6e2cd143-5bec-4730-a951-86de04db3268	5
dfe8f057-43d1-4aca-be87-c40e3aabb63c	70
84967c48-a062-4f82-924f-c500808d1d96	15
8a78f0ed-54f9-4b5e-8a19-38ad9e6033d2	30
ac051c14-3fb7-4e64-956e-8fbdc8990cc4	1
2c184b48-310a-47e3-9f65-db3142c7253b	67
c69eef4f-13e5-4432-9428-e01c609d3433	45
3d3f8cc6-7ce0-4321-b4a6-c69e88697f5b	1
0d2ab5aa-ed82-4460-869a-2a3570e4cf9e	28
50d52457-d417-4f01-91ce-39c149875430	93
3d62fd75-7389-4dd3-ad12-680ac077153f	1
2e0de2ed-b772-4a9b-b22d-e75e522977eb	2
531ebf07-9505-4604-951c-eef436dd6d64	6
ced5ee2f-d60b-40e6-a46d-e8d0e52dddba	182
c9eeaf06-69ef-40ee-b85a-9224e062e655	12
7d521ac5-dc60-4eb6-8231-cfeb32c5196c	20
704a6e03-0140-42eb-9892-2eb237a32b09	2
3b8c6bba-9662-4b9c-ba44-f4959ac107d0	12
4179539e-e520-4173-90d9-7ab6c53efcfe	3
1551a1a3-f44c-4081-94d9-fa0411e16671	30
978b4e49-3400-4fbd-baf5-712aa3f2e15b	101
af834c8c-008c-4a56-b7b4-3369ebadec52	2
28b14629-93bb-42a8-baab-8d0907f16839	58
2dfe6a5f-1d58-410a-b9aa-5fca122f02cb	90
5ff215d2-8c6e-499e-aacd-06955cbab1c0	2
2ac11ba0-4c70-4bf3-ae66-097c27d0c785	1
12ab6e13-119d-4a85-8047-80b7766cc087	10
694f1fd3-466f-430e-8ac7-32ea714361eb	4
1bdf98bc-f5d3-4e47-be8d-c1835ac6850a	1
01e7c94e-99f2-41af-b7cb-48a9f2294b58	1
3aee6d99-857a-4750-8cf1-00471c87a5b7	73
4bdff396-550b-49be-8d8b-927364fdad9a	1
ebae2c48-0686-4e02-9360-2074e8db17eb	15
c66ace47-675a-443d-9138-b748a1604980	2
56da20c7-e361-4d08-ae92-f792168aeb19	3
361da31c-7409-4dda-a3b5-83d1c8966291	1
1a999aee-a91f-4285-ab85-4917101a0802	1
2c996fe0-d1f8-4675-9159-9e3a875b7d4c	7
45bee6b4-1a4a-4df9-adda-ba6e996b74da	60
46a2d03e-5c9e-4c65-85fd-c334460f70ac	150
93e2d52b-f1ba-4c2f-9da5-99e081f7f608	1
58515fcd-a610-48cc-a5d4-1bc1416f9c8a	20
63ee816b-bfc2-4264-80b4-1d19af87ce35	10
50bc001c-f9b5-4bc3-9ebb-0c822af83944	8
cf434d25-66cc-4dee-bed2-2e6881592dc8	2
a7497c61-7801-4b17-bde4-ce3ba95a8994	240
6bb37fe9-a757-4686-a31f-3747e802645c	1
776d00ca-3c75-450f-b2f6-ee2d4994046e	393
946356e9-ffae-4524-81a6-13ee42af7506	110
2766d785-8cfc-4edd-a7c7-b48c188d3e2d	24
3b7633e8-a4f0-4633-8f61-12fd9dcabf1d	88
44262fd4-e4e2-4559-914d-aee039734100	45
e828816a-185c-4d3c-8a28-59a277f5d6aa	1
4b2ec635-a0d8-4a5c-842c-767375f1a6ce	45
b41b9419-0d8b-4390-aa0f-8b5c3d3a65a2	5
fa87565f-224a-4441-8a92-e30876a193c7	50
f98164d3-7664-4a5e-ba00-e1677ec435e9	1
63997d96-a172-4f0d-bc9e-7c6ad1c3ed0f	1
4f219008-66e3-480b-9ee4-a2316c8b3cdd	2
37330c47-4d13-410b-a69c-9351ef29240a	1
68bea39c-417a-4328-93cf-068e05c6b61e	2
896f5b89-c317-4a7d-8de7-0bbf823836e0	1
84874875-8578-4dc1-88a3-d247b68ffa58	15
9e4d5774-9874-4a4a-b721-0bd6b60cd4e2	9
218a7ec1-01d1-4804-982a-b10bca14e02d	30
d57f1323-805b-4777-a662-2ca3e973c2a1	3
6de19bba-18cc-4248-b7fc-ea03a485e341	20
0dc72ef8-e5c5-46e2-a4ee-7203d6dda45d	2
d927f481-37fd-427d-bc5a-45e4d7ac5976	86
0caf84a5-fc81-447d-ab29-186696eb7ae7	1
0b66751e-3c1c-4bd1-82e8-72edd7e2d009	2
f5c1fa3e-2a6e-4449-85b9-b75e233a44fc	1
e2be9ca3-ae1b-4f0a-974c-cab3764bddbf	15
7007523f-8cd3-4f50-80c8-9871c844aa23	30
8c15dd38-acfa-4579-9e08-7a1616f3bb26	119
93de8c8b-063a-4138-a448-cf7ade846067	15
e3ddeda1-819a-4763-9965-cb9f92b9272b	120
9b0cac03-7008-4ad9-ba92-0ec2d4bb1f0b	10
83893025-7116-43b3-9542-37dd1d4d1f33	1
a0025bc6-b67b-4ef5-9470-6ab36a6e983c	10
492aabd9-b0b5-48e9-a979-b51f074c9f32	1
4d0ecc98-24fd-4240-bdde-b658abfdb3b3	1
8eda2f98-964b-438c-9c0a-2cef1695d53b	40
52326265-9ab1-42ba-852d-13ca69a36ea1	94
89723707-3055-4933-9474-3a653ac4f9a6	4
bb102abe-2ec2-4b18-8a09-849d25dca53c	1
3dd27988-f78f-4c8d-98c9-5cab86855055	11
e5c4efb4-a1ce-4bb1-a6c5-6ac60990c6c0	1
5da119df-f629-4d36-89a4-38811345f122	620
bc25e3e7-e4da-4cf5-b47c-d172fa1cfcff	30
d97c368a-e0f9-45e7-b371-6e70bba89d06	3
cd443124-4ee9-47fb-8809-be372e6f10b2	8
4f03b87e-487c-4d65-9675-0a120326d44a	68
59fd45e9-390f-4266-8a3e-094a198de421	45
f19214af-a9e8-41b4-b9e5-8dc7a332dbe8	1
33432a83-20ff-4c0f-8c20-5bd6765525a0	2
700958c9-9466-4981-b885-52b4e5c6857a	2
1b40772c-1979-41cf-a26f-2ed24badaa87	2
4f621b3f-9d39-4695-a801-5318f2f78b8c	10
3c077d35-da9c-4753-8c02-1bd4850b220d	1
ead70d66-e9c3-4fe8-8411-f9b1587b1bbf	27
80f64134-a12f-42e3-941d-faa408f8ec50	4
da78da91-8395-48dc-a38a-9029d56f70fd	43
28ab2714-9efa-4ddc-b69b-2330d0ab8bd0	30
73af3185-d17a-4db0-8405-612ca381e005	1
c8e9f183-45f2-44b9-a21f-d7885943f45e	10
cd6092c2-517f-41fe-a289-1affc58b875d	30
9cb33d56-4f6f-4e8e-908b-c98c582d19de	102
30b16f07-d577-4b56-9091-f58c52348c3a	27
3e390ba5-f478-49fd-b038-e764653f6632	20
b4df56e8-a9cc-4f1a-ba0e-78501627f752	29
50aa34f6-be6e-42ec-96a1-7c2c0f11dcaa	10
539007ad-ac19-4736-92f1-55263dbbf3ac	10
520d9802-b5fe-4d60-a909-f76f4778c0bc	10
9d495845-0020-421a-9fcf-21a9fae5a2d4	15
4a29f4bb-81da-4770-b923-88f13b76f2bb	20
5fda50d7-927a-421f-8b2c-1a4935367170	45
65efdca9-8797-40e4-8be0-a764e19d113c	15
6bcb7492-3881-402a-b1a1-ca68725871c4	15
106b648a-e9d6-4e3c-a9d1-50f654058061	60
186c4348-bf1f-4af7-9741-03a29309ec5f	1
110ec849-a800-4eca-b143-69d7ef5d2587	60
2dc54b9e-7624-4c8c-9440-8e371a251032	8
1976c6eb-117f-4920-82fd-b866fd00d410	1
00264fc6-3b00-4500-b646-d8ed65a8cfe1	281
081fe5f1-0c1e-46a2-9b03-8e551fc62133	1
13b0863e-69f5-4fed-a171-5afd3614b341	7
5a070d8c-dd0c-40f7-8e60-983a8fff518a	1
68078032-1e09-406f-8ebd-8a12d77b378e	3
61916ff1-9deb-43fc-a326-0a722b7cc7df	10
bc8b403d-de7f-450f-b0ca-b5ac3ffbbbfd	3
09ecb868-8d7f-462f-badb-d8529e60ed8c	29
deb484fc-748c-4d1f-bf6b-90e7ce5a8cc9	20
5973d57f-17e1-45c8-b224-696e780bb873	10
520a69a7-0a22-4e82-8498-b7d3da47d65a	1
19673912-bbc9-45ff-839e-3e10c19647ea	30
915b42a4-a097-4109-a848-4d240f739c1a	1
54b1a883-7e8b-4ed3-bce0-e371751d50b6	30
42363510-f742-4e8a-a83f-bc0fa14a7d5c	271
39b34126-f3b8-415c-86cc-16843ea5a140	26
e277f6d5-2c46-4cd5-9ef9-8ae4c2b56429	3
98130c10-7dd5-451f-9262-a634e7f60d98	82
f331718e-661b-481b-9694-f65559914948	1
9629eaa1-9344-488c-a485-4b5821867bbe	9
ad3841e3-9a27-40b9-9fa3-ed9c2b797ecd	190
f63aa5c9-768c-41c7-b44d-53b1a630150b	30
f95c8803-73a0-42f1-a922-fc5f7e0ff3cb	1
c0548a7a-0901-4452-9836-20a245986e86	62
93a185c3-5ba8-4017-a675-a3a2c4522fbd	2
b1c2df1e-684b-46f8-8cd0-f2fce1c0f4fb	10
ddc2b0a5-d427-43ec-b38d-ca9dd8b11581	1
ff78f298-b908-428f-a5b2-983d954d895e	15
e2362fd1-e8f1-4fde-a12d-a5aa08a47866	30
1a5fe878-59ec-4888-8157-ec24ad603414	20
9f97acc0-e9cb-4410-a77f-07ec8c1c9637	1
8a66e3d4-4a11-4d94-ae29-e673547dec33	10
7d6485f3-d8eb-4acb-8afa-3d7c6aced78b	15
90afaa38-415f-44e8-9a77-6667d0bf8d5b	20
71912bfb-0946-4a75-a3b0-4e995822b32c	30
315ad8d2-c171-4ee4-a3b8-019710ae9b93	20
c27eb91d-3168-4473-8904-e1bb1309d7b5	3
d7687d04-062b-4c50-a44c-713c5732efb8	1
016bd8f6-1b08-4268-8455-359904571eda	20
4a8d5d85-1bee-404b-a5ec-942dad87f292	3
b0bb79f5-4952-4348-bb68-a674dffa65cd	1
2aea8041-a815-474e-bb11-f59856c52990	1
314e16e9-3b2f-49a0-a1ed-92431934ef9a	30
46afb5dc-0e23-47f3-92cb-2b6d62d2b931	78
a4d538d4-6318-4cab-a80f-4373aac7dc3c	30
4e6f355b-b33c-447f-b005-640564ef33d5	1
a217a822-8fd2-4b87-b222-2f5bbb5f6f78	65
4eb768ec-ccf8-47eb-a83d-dc6c6420a7c3	10
1732c1e8-dfed-4dbf-8d61-626fb38b8d96	30
24b6ab45-18b5-48c8-bb0f-089a8e132222	1
cf1eef78-ed0e-4d01-80fd-8f6750328221	12
5856f6f4-b3b0-4b86-bce6-22e49d949ac7	75
61c88954-9d79-495f-ab75-ebd3350b43aa	10
9dca5656-7b55-44f7-b1bc-5ad66f568e95	15
2f70e85a-7d91-4ed8-a2af-943967eaf4a5	28
182e9e8a-b428-44f8-beda-5b916b64e11e	15
c0a4e4b8-30b7-4522-9009-bf46051c8839	10
4c723d74-d774-4c1d-890e-678ae986ad5c	10
ef0284b4-2fb0-4070-8063-985a2b5192c4	3
69b2bd22-82bc-4d34-9b30-f363b3bfb779	30
c1374046-0b1d-4ae1-89fe-f18bd546ee0c	115
f1b41ea9-286d-46e5-ab79-c7478e72eef2	2
ba95dcb4-c410-4590-b55a-ea6c5fd16db5	100
e24d1e3f-e3d8-4e85-9735-9cddd480f3f7	1
cde437e3-696f-48c6-9967-bb78b98cc8b7	2
8ede0e97-cf8f-4625-bca4-69fb7688508d	1
a2a40d10-6aa5-4339-b480-00d5084477a4	1
ab8f8ed2-eaa0-4a0e-8271-6c7d53fd1570	1
fcc76657-0db4-4c5b-8e9f-9715d9168194	1
29797a25-3ff6-457a-92d8-f0a319021909	1
339082ec-1a8c-448d-ac54-c83a26905d41	20
45fe08d7-a61a-4c61-bd68-dbb82438e7de	469
2cd7ebf6-0d6b-4bfe-b57d-205ee1f0bf0d	6
03194ecc-64a4-4f00-8a45-01047b014f64	1
5c6d21ff-ab5d-4b15-a09e-2b34be0f93f2	10
430402ee-27d8-4ff0-8511-2ef8fc8dbc0d	1
45ad2f8e-8d71-4fd0-8a44-8b1976b146d0	7
d9383562-4560-402f-9e80-5c3843d2509e	30
9bb0bb96-848a-4c61-badc-5c5a0f1ee0d0	6
9526636a-39ae-4e84-afa2-47f6824380cc	1
33eff693-66d9-4840-9155-1cf651ba2547	2
e01024e8-1b00-4755-9ae8-81934e38b015	123
9aca660e-7162-4d9f-b64b-0d0d7b5c9ce7	40
9edae235-ba7a-4a04-9758-6ac522f2752e	1
d6cd4265-3354-4330-be28-8238f605d279	10
2af4be3c-52f2-43d7-b1b6-eba7caa48024	80
8d467904-4e46-4f53-8b1a-ed3757a87183	2
c0fc630e-8b71-4469-93ce-76f4194f84c9	15
1c4fa3b0-a767-4bf2-9c5d-82439c01acb3	1
12ddc139-5a7d-4d32-824a-9b204bcca5e9	30
63a696e3-6df9-483c-8f79-236ea37c3ba6	30
89107b82-2b28-480d-8098-b6a00390be34	50
ff1a8a76-dd68-450a-a0bd-793b40cf9ae8	2
2ddd8518-1558-40f2-a1d4-0777e904f840	15
2d13cff8-3bea-4dca-960b-0e28d76ca50c	1
5204af16-d469-4c32-a6d6-dd4e159b1321	30
82623490-2645-4985-b034-ca317c7a812a	1
139a62fe-b966-4abe-be22-670ce7a33674	5
86947cb8-5003-4277-bb91-7896d88ea7c7	1
70825c5d-8deb-40be-8a8c-f6a8afb9cc62	14
ec5d7b0a-b3ae-4e1d-8210-c34552924549	30
85790a8d-4333-46ef-bc6c-42bc306acd5a	20
cd0b47ca-728b-4bfc-924a-811b50ea06c0	10
1b98f064-7e13-4ebc-9289-c4483ec3f194	16
37842ad5-4685-4e9f-acbb-e28a0e78c0a9	1
0b5c52aa-76ff-4b6e-aac4-eeb6f4e81bfc	121
1b972072-7c33-426c-a6fd-79aa71d05594	13
3591ff72-a679-4793-905a-1b395d721245	41
0780aae8-c118-4198-992d-c7c9744f4060	1
e8039f0c-5a60-43ff-a866-9be104749e02	1
adb1b02c-3120-4d95-9ef2-8b76f4308c1f	20
f18c4892-c852-481d-8719-36c870259000	250
57757710-c168-47e2-8d1d-53dcac4f7c02	60
35aba052-9146-4c25-8111-44e76ea0c2cd	70
6e328801-8cf1-47ff-b02b-9145e8303766	235
84a4dea1-80e2-41ff-b68a-f8d6f0fcf6a3	30
f7fa9569-45a7-47a6-8bc5-5ea1b18c543f	70
54f9415b-5492-41a8-8bc1-a9d77d47e803	97
586e10e3-9469-43cc-89ce-a1b68eb2a4ea	15
61b34b3b-98ad-497c-9312-f552aedc7258	3
34525921-7f33-4e46-9d4c-d1bb710a8383	10
687346fe-8918-46da-8a4c-b4ceb4a8d185	11
26491662-0fe1-40d8-ad4a-d6238b8351a3	1
d3d72143-28e5-4008-a7b9-b1b9bec95537	3
7455cdcc-4661-49f0-aae6-a2fa4b39857e	1
f6a63bc1-f71f-471b-951b-85794ce47dcd	7
fae04c9f-3e24-4fee-a14c-9be090f50726	3
38ec50eb-0fc7-44e2-8e04-e5c1c5b96db2	7
0c33b86b-916a-49c1-bf54-7594181012d7	45
bed2aebe-c961-456b-847c-4db77aa27560	10
ad73f4ee-e427-4ef4-825c-a31c68ca4922	70
c6894674-4588-4dff-8d72-c3aef24bf57f	12
13931786-1892-4148-96f4-a22c01c79bc9	725
b4dc3df6-4249-472f-9376-6b9f8a6c0ba7	610
58789d54-0290-4ff5-9f7d-647ed42dc8a9	20
405c9b77-5b66-442f-9331-ed2a4d2a6ec3	30
e0d57a70-e764-4694-a169-eb8bfc9d40c1	26
e68eebd9-8b2e-43f0-90e9-545833e23f56	6
6d150109-6acc-4bcb-954b-1629401ae3fe	1
40b957db-8478-4d0e-8f71-8f53a912dbd5	30
8772cbfe-bf39-4457-b4cc-959b04bef50e	57
bad8b31c-0dce-4f55-a20b-7cacf75bd88d	134
7d68522e-9e5f-4ba8-94c1-3ae69dc79dbd	2
aa860078-b2fd-4961-aacf-ef1c30b745f2	6
68097b19-2cb3-4e7d-9e6c-ed24c8e7a553	77
4fd5fb5a-e6ff-413c-8e15-668cb6d5647e	50
f160e9a4-31ca-490d-baee-2b9be7ef0817	1
1b60aed8-60f9-4fba-b72a-bdb65e338942	1
98b16436-a06b-4a45-8eba-09d18ed000da	2
006fc811-96fd-4205-b36a-03c84d6bdf49	10
6a63cb2c-559c-4efc-a91b-2e442c14b4a2	3
ce524f07-08e4-4892-9cbd-c25192739544	1
c7a6a516-b08e-41a9-8f3d-57ed20b625da	45
9bfc0f14-008a-4d7e-83ee-78282e7ca0cc	3
c18a6937-e930-4919-9f49-c4b9fc6a26de	13
0b36194b-e9b7-4853-afd4-1688f9c78454	76
329c6e29-de53-41b8-948a-12eb376fc857	40
39b29a9f-8473-48ca-8ee5-6ec1d6bbfff4	1
4711e5d0-26d2-4a66-8a40-c2d223ab489a	10
9066183b-fb31-4f1b-980d-7fccbd3a9cd5	20
196a5c0e-8854-48ca-b8d2-8fd3ccf1958e	11
64b0cc35-7f13-4fa7-aa37-125cff1a9d64	1
6a9d9c3f-a7be-4436-8695-871f491059de	2
f95c7d3b-710f-48d4-8802-c474411795ad	29
c53a033d-d348-4059-a36e-218d802cef0c	10
1d12f72c-ebe0-49c7-befa-e98ed72c49f8	435
4a7ab774-5845-494b-b314-2b128cff221a	2
e4a79c3a-c292-4284-aca5-401287de5f97	90
2efcf791-09cc-4fe2-aa87-10c7b7180b88	20
50e27298-64d6-4402-b400-6518dea2d9a8	6
a0940ba2-bd7e-4a85-9a2d-bb5976ddc928	20
cef482b3-76d5-4525-9875-295a30b9e68b	120
1cefefc9-2a44-4c9a-be79-17cf0586d2ad	62
70168994-551e-4bac-9779-b8a2ae6e5d78	90
c8a5ecf0-661d-4188-8358-e1b7f358326d	45
981b321b-c1a2-48ef-9691-e0aee43a2297	1
4786fa58-d4ef-4c73-9612-3f0912aa6c6f	1
ebdc6cb0-ac50-4a4d-bcab-09ee0bd82149	15
eb1c4e8f-9ca2-435d-ab8c-c7d58eae3c66	20
243668c1-3908-4476-ae62-19357e61f49b	1
5102c30d-e793-4b20-a4a5-147731b29710	9
2f358826-e309-42a2-8ded-0e2293eec6de	1
6357043a-6198-41b6-997f-de7914e3f16e	2
b50fa596-a70f-4ff2-8438-89059b137dc8	2
d7a73b0c-86f5-461f-8d23-650f32eb0faa	10
1484f3d0-fe4a-40fe-aca6-a0dd7b9d825e	1
ea0dfd41-ecd3-486f-a4ff-1826dcb2030c	2
d60ea50e-1071-4121-8c45-fb6fd074f41c	39
b565cfbe-8bc9-4336-9304-aac3f7d927af	13
2f82861e-878e-407f-a1c5-566545a7b3a1	2
9bd82b4c-64e3-41ed-a4ee-61d3b31820d1	20
6f21986e-60fc-46aa-914b-c97c2dbfd318	60
81f005b8-e066-4173-9c55-37fe250ad5ee	10
f801458e-7b64-4600-8116-00e7e556ffd4	10
f4cd9448-590d-4809-abe8-d8d3c125961f	20
c1da7b45-927e-4e9e-a68d-818573405d8d	45
de1e35c0-933e-4449-b37f-4b4d2d354179	8
f46a0ff9-bf27-406b-a3e8-cece1c71b65b	2
b18d7d29-e812-415f-b40f-d8bb4834e52b	85
a6b43459-6ded-421b-bf06-f963463db1f6	4
82ad99b3-1243-443c-ac68-e80cc5c5a4e8	1
dee2b854-02ee-4319-9f78-10dee26bd6ba	3
51b5dfdb-0daa-407b-b8ba-4ffe8a4b9b1b	1
e50c960a-6525-40d7-a84d-b4b85260b599	43
4c443c53-0909-4289-b042-e18ecd5c174a	1
601ac585-155d-4290-a172-18316fb8122f	20
bfef7885-3494-4e94-bc8c-ecf04a92e422	1
945b9c2a-ba8c-458f-b796-74cfd9e2224d	12
3863c0b0-ca0b-4f7c-bb15-6817be72c703	20
6613b825-333e-49e0-b799-f2aff075421c	30
6c41690d-7e00-44b6-8d19-757851faa088	1
c6e22c95-f67f-4a2f-878c-198cf9d40b09	1
79910933-fbdb-4dcc-beee-a125fe575cca	15
035b6af3-4a7c-4150-92f0-c7dbce278c58	1
b1f44c1f-3892-4147-b367-5387d2a7eef6	1
c95cdf5a-d015-4e5b-87c9-9e18714aea8e	10
7ed23d08-e5b9-4551-a1eb-595935288b04	264
47a39d0f-8768-4c46-9876-fa8947acbb0d	10
afde39a6-3412-456b-a402-149d62f852ce	7
f56fc59f-c568-48e1-96e2-c51d03d77de6	5
be6dad78-6cf6-4c66-a0b7-2d4f9b30df21	1
4860e73f-7271-420b-b2b0-9be213513357	1
9102ed7f-601d-4cff-94ba-0b8187a8634d	1
34f80cd6-d397-4702-9717-9c1a55935ae6	1
c5001519-0c7e-43e5-a5d4-6f1461635260	10
f02e2b31-4ba0-406d-aec3-c941da351564	20
17ba5ee5-af94-401a-be69-000c6fd52a04	19
ac2c5395-3ff6-42e0-a97f-746ad42280f4	23
0fbbdaf0-b2ed-46d7-bd1e-5e7794a0f0e0	30
7866a4c6-08f7-4b28-9aa6-8f8f0466efed	30
e7fc2b56-f54e-4cb3-a8e5-e04db473b88b	1
4469f231-e9fb-4022-91f2-a2523ba04383	10
fae5ed50-aa5f-4e2d-8d24-32bcedc04fb8	8
87b392cd-23e6-4fe9-b5b3-116712cdd881	20
d26126f2-8e6c-4cca-9185-3f9b940235ea	120
bbb56d7b-dda0-4c6e-9e3c-ad12ee0af65d	45
9a172434-89b9-456b-b598-069b3d06c09b	3
cbc17a8b-b144-4675-adf3-0198ef246530	20
2dccfc10-02b0-436a-8ce3-b169c1ed13dc	1
c2abeb3c-3f37-4ce5-88b5-528c581a77c8	40
d119bc43-e7b5-4274-a3e1-94714b89eeab	10
66513d80-2657-4181-b33a-f981779aaa99	17
3876ec4c-4b68-4b50-a09a-40713c298fa3	5
7284545d-a68a-4b7d-86e6-221246630e16	1
88705c17-7e04-4bbd-b0a7-93fb3e6cb770	10
5d3910c3-8f7d-4b99-aa05-0a702baf98d8	7
1dadd1ed-81d2-4b60-a597-79ef26abad9d	20
dcee085f-4b31-4a23-bc7a-b87895e52019	25
8aeb3478-4d38-4f91-949d-2843b010c28a	6
fd963f56-5851-4e79-9030-dc6302afbb7a	60
f743e3c3-4b25-48ad-a815-ba18975838f6	1
c31e18c8-03b1-48b4-86b8-4e2eebc8e35e	19
8b69f725-6bc1-4ad5-ad54-0ca057b45dea	219
176c6198-a50d-4719-8c83-dc84a343d7c2	14
ff53d324-b4ad-4f2b-8d17-e32d2b7540c5	70
a6da3561-afde-4a60-b65c-7ada2b427df1	21
e767f43e-eacf-41e8-af4d-42df9d8c6b71	60
b5e34d30-928c-45b7-9d95-76b81316b5fa	20
1a4cd214-d29d-477b-b363-effd525f7561	20
dcf7b834-6c96-4b33-a251-960adb3c7caa	2
cf8af7a3-58da-4165-9685-2b6ced3f7747	20
edd4797a-af53-4db5-8546-7a747a5e7600	20
1b11baff-f8d7-465e-8f4b-550ea9dd374e	2
2f50fe30-6233-4d59-93ae-afd4927793e4	20
1ee65f64-957d-45b4-be0f-88ef4253d2b9	1
5e815007-16d5-4488-901d-27f9e613b437	15
22bd8784-5262-402e-88f9-15dbd526c12e	5
473b5cb5-b8cc-4a4f-9d5c-4c8ff858627c	10
d7e11488-3db1-4fb9-9849-4cb03c785c0b	3
1a954dbb-7f57-4158-beea-0955ef733561	10
2d3e3acf-0f57-4255-be61-8831237e27ba	1
215e711d-ca8f-40ba-b24b-569a20a5557e	15
fa0ae494-5c53-447f-9601-d4a372cd156c	8
6cf7230f-cbba-4321-8c48-5e52f422da28	14
639cb60d-38af-44ab-806b-d9a98b754b0d	3
70e5603b-f454-4088-bc9e-fff9f52c47c4	1
b1095e02-09c8-47aa-bb67-f4032879d6af	60
f75a8c98-53e7-413f-b21d-c4dceec9fabc	44
63a39792-a1b3-4a08-b89e-c380a0b1caa1	10
b422ca7e-5701-44b9-8812-eb45d2044ef9	71
1293f4f4-856d-4dd7-b2ba-46a6133efe39	2
a116cb45-6e28-4406-9fd4-13583a8014b4	35
34a2b495-e786-4e50-b6f8-1bd77870358c	15
81b62660-17b2-4e98-8c75-ae80c0897b46	2
aa487afe-3dfa-404d-bef4-1c35bb2574f4	5
ba5d11fc-f2d4-4954-9920-d8277789f357	30
77a6743a-74ca-4de8-847d-d65c720d8509	31
eb9ed71e-a3c3-4af7-90b3-4f3b7c06ec76	4
ec74f995-6d79-40a3-967f-353f37c0ec0b	18
acecdc4e-c29e-4d4e-930c-bb20a8c44547	1
469a9775-0913-4591-a845-d0e9f14dd7cd	1
4deeeb23-2953-4d22-aa00-2b1cbb99bca8	20
f57ba123-f05f-4705-af54-2ba0d0f964fe	30
6e6ec3b4-4935-43b0-bd62-6fc99fdb88ee	30
0d9ce12b-0b36-408d-8469-f4dea8882ec1	1
97a425c9-0362-438f-8c4a-61dd510e5b1a	248
bb08c624-871d-4a7c-b86e-cb11e654bb76	45
6bd22147-be55-4755-8e1e-ec98faed33ef	3
9f0dd5ca-4657-47b8-8d34-ae7885f5b30a	30
32791915-64ba-4820-b7cc-224a0317faae	2
10b83b65-a752-499a-b27d-42d81641f268	45
acb33aac-509f-4b46-a22e-4315f1158b2c	20
512f4eb9-18c5-4899-a221-17170bb3bac5	70
a5fdcfaf-81fa-42d1-851a-858f7c7c021e	3
558dd60f-0f45-45ae-a1e8-b7869198f7d9	20
05130e9b-239c-43c5-b7d5-ea8479a89b1f	10
10e8e56f-fc09-48b3-a21e-545696917ba5	122
f2a58a7a-c5de-4097-affa-f0e73bcff628	30
1e714497-1fa6-4f8e-80f8-74a36e233c9d	2
fae6ef84-47a0-4547-9fde-f3e3fcff11e9	20
101d8230-69ab-4d3d-a9d0-3f20df957268	2
f0cbfe0d-4384-43eb-93b7-52bf3559e860	22
637bd5f2-2c94-41a1-955a-0f15e1e64085	60
015c030b-99a6-4859-a6ea-c74509da29fb	30
66635812-9a1e-4604-96f1-f956f6b25b7b	2
4be16818-4ca4-4b96-a26a-a8ef06bf861e	4
8e8fb9fd-7736-4d99-b01c-c9e7f21b0693	40
96b090d1-7020-4cce-ba41-535b4b9f636b	1
3ee527e4-48a2-48f9-90e4-0f040fb9a3d7	8
2f4e3d10-1526-4f68-837c-4500fba3cca0	15
f4507d10-7948-40d4-baa3-9371f6549059	15
ca034d7b-346e-46ee-90a9-cff15f948068	66
9902b2d8-b2f5-40c1-9de6-990abd6f662c	45
fdf1aa15-959f-4a9e-8b7c-4c0ae8d4e003	20
40722353-1ebd-4499-b9ec-f79686ed36d2	10
b1eb94df-597e-42c7-aecf-b33626d75101	15
138d44db-7404-4afe-9d1a-61c9fd3c374e	101
dbedad7b-f018-4731-a559-33dc55150931	2
60020a42-3405-4f80-9164-bc4135cb9cbb	133
9610dd8e-8bcb-4d30-bb28-6bcad347be27	337
02a8d340-6833-4d7d-898f-66921c49e4b9	30
911ae656-9d31-4fca-b9ce-9fa58e9ffee0	20
49bcc3ff-6a7c-4e4e-8dd3-674f4a3bf930	90
b6acbf85-3e01-4cbe-beac-4c5b96e4a9ed	30
298456e8-ac45-48bb-b917-c93fe2ed9d0e	30
4b465a1f-1373-461b-ab2f-5dc5d438d66a	3
fafe710e-6718-4cae-835f-d9321e75cc50	163
cdacc1bb-9c01-432c-824d-14ac048aff4c	1
79888c15-3ce9-4292-9c0c-2481fbe24449	6
780eb7d1-6540-4ffb-a1ce-444740d4feeb	2
fcc945f8-6d80-4af4-87c9-e8b219f37ba5	1
bbb2906a-e5b2-4ed3-a38f-06af7dcd8090	10
2e8bcefd-6bac-4701-984c-6d6180737bfa	2
018631d2-e383-4f0d-a291-c373cd3632db	30
fd09f3a9-d84a-437e-b320-4a66a109f23d	1
76836717-2de7-4aec-9c7c-8c2bfccaf755	30
f88ec62c-032c-4ef7-8aab-b4ed360827fe	80
1767fe75-ecb4-4112-8bcc-2720d7b7b03f	15
635bbb90-6ba1-4c80-8da4-08f9c00b1a9e	10
cd7f6569-2dbf-4bc2-9166-91cc4fa900a8	2
05661723-f386-4e3c-94b2-71646a97cf63	20
bc56b7ca-4b6d-444e-a155-363bef352698	20
f547336f-babd-43ef-a12b-bc038561b43e	7
386658c3-0b87-488e-a750-32d11b303b63	1
fe300973-7264-45ef-aa38-626c13874782	20
582cc531-26cd-4303-a6ce-87426ba9e823	92
dd29ad1a-bac4-4355-8688-eebc5ab18ff9	20
4646db22-de69-47b0-9013-cb48427d37ef	3
9fcf0082-01fa-47a3-9f8d-22993b6403aa	72
19966045-226d-4944-b7ae-b13c93bb9ba3	190
fc48b184-e5d5-49ee-bf52-886bfcf00b1f	51
5975e1db-3429-46ba-9198-52fe5d787196	30
c7953ef2-67a5-4044-8169-175b0cfa843f	20
bf9150b9-0bc8-40c4-821d-cff1a08f01ad	3
c119e933-0170-4f69-8304-daf568e5fca1	88
d6a2fbc9-eb46-4a18-a389-a8e5b954c51d	1
d61ff0b0-f26d-4b9a-819a-b246abd527ca	1
7f2d0af6-9e69-42ef-8a26-78a27d90e589	30
d32628e4-244d-48d1-8869-9630a1e4890b	192
520335e5-7ccc-418e-8b69-7f2e90fd7356	3
86a52175-633e-476b-abe4-be2263ec29b9	4
692bbd5b-92a3-4c91-955e-29d6ad606307	40
9fbb960e-3d49-4398-a615-87b4bbc08594	28
2af92637-2c57-4481-8cda-2c22e6aaf2f1	10
2fe823ae-b355-44db-9def-4f043b52079e	15
42ff952e-0b39-4764-8f6e-2fd1689fb2b3	15
066c5bfc-0c77-45ab-bcfb-d7a3e46ab83c	58
8101969c-e715-490b-915a-b47e3eed05a2	20
b1a97aa8-243d-44f2-b8d7-f9ae9bbbe522	28
c262696a-1c2e-4e64-aa15-8c49e9bd8668	1
54e1d21b-61da-480c-8b89-644ea11ff59a	60
29021f73-4780-4d02-8482-d2c3fde70da9	10
53bcc3a9-49bf-4fc4-b56a-b2b5804c5e75	30
8605a755-c9c9-47bd-8e74-301b0511f915	10
0b798180-608e-45df-8fbe-f61c50c86c43	1
78397df8-d875-4b21-95ce-54f87d4af4f6	20
b5c27a33-93d7-44d9-af51-593e58226c26	1
96b82a09-af13-490d-945f-c91c3bbed914	30
953d4208-496c-4f6a-bd0a-51c70068bb35	444
9b51497b-7394-4a51-bfcf-c20cb1a85205	75
701b36a9-a07c-4a20-af43-26aff33d2992	153
66e63705-f229-459a-81ef-0404fdd483b5	50
d13810d7-76f6-45d7-9aa4-2ae9f8a9fc53	35
4547e943-32d7-4eae-8565-c655ca820026	2
d1786d05-d5b1-4a8b-8559-33ac6bc43fb0	43
59ba4847-6eb1-476e-a188-b0a49f0c7c86	10
e8122633-9ac3-49ea-bb89-89f503b0ca3a	1
4cb9c965-b939-4034-bca3-55f1d9c45730	30
a3ca1b02-e3ca-43de-bd55-9171257bd5c4	30
8b882b52-5ff3-4bc9-8f13-6e73286e6e25	4
7b0ba020-92d6-4ea3-aefc-ff2ad58768e5	18
18ea98ed-23b9-40de-85c2-a05a9ca70e9b	1
8e59ea87-faf0-4ef2-9983-fa3712d13c53	6
92c4c2e5-ef23-47e0-af84-0227ff1dfa87	15
b544074a-e5a1-4a2d-b2d7-fa7426e18f5c	1
3fdfa68f-0175-4eb5-a889-66eac4b63491	140
7928886e-7d7f-4e8b-8c7c-31765dbd8efd	100
4a503223-fb85-43ac-8119-6ae20240d2fe	45
9c67e680-28a4-4c10-bb5f-1a66e281f454	30
a2efa8e0-cf2e-4d43-90d3-eab39a4cfa89	2
f3eac9c9-690b-44b0-aae2-eef509411e03	2
efd3f312-27f1-494c-8a2e-ed64605a6da0	3
c124481b-6ae6-4663-aa2b-053c597eb887	30
99fec3b6-4d9d-4e15-b93a-3fa8decaa6fe	3
00040b0a-ef57-4fe3-91b8-e7e76e3f62a5	1
ba5d2967-e4a0-4513-812f-c51bd2bcfa44	26
8f34dcf2-201c-4c1a-bae9-262b63844a03	15
aeb71408-4f87-4843-ab6e-19afcada2d6a	2
7e829a9d-674c-47a6-9aad-3802181d1040	30
51e0013c-4746-45e7-b4ee-84cf81aa7c04	5
1a105e0a-c528-4948-8058-e4bb4c361711	2
625df554-8191-43ba-b9a3-4a51c8920d5e	1
afb40576-f00d-4be1-9d01-41c96f8749b5	60
7e974c9e-e11a-4295-b47b-aa461c51e233	3
5c10391e-6e9c-4f6b-b91b-aef53d1f15aa	30
5aeeb736-ac52-4aff-bdcb-a5b772188d89	1
6e071779-65aa-404d-8dd7-0b2f27e1d9ba	1
17b0f3af-1488-4491-aa38-3a5c8704a4c6	10
ab1747d2-1b69-45b2-baf4-61d56d732173	3
b1623631-68e8-48d1-88e9-03ee6cdfc7b0	5
2c23e59f-5d6a-4aad-9295-9e97452d39f3	40
ae184eb7-4f94-44cd-b42b-ce39bff9574e	5
0ba5eb98-4283-4454-98b8-9edc7f8227c8	20
30ad8b19-dc6c-4ce5-84d2-a39469850aa0	20
f2b6b9f4-db80-4f68-9a83-2aa0638b94f9	15
e034bcd5-515f-4219-b89a-7af15e5429c3	12
513df43a-52f3-455c-85f0-cc8e19a1f01b	4
eadc5c5d-c838-4a73-869a-ae1bb3c387ff	2
a2ff72f1-b8d5-4772-bec3-d0a936e3b150	3
2183d250-1f5b-4229-874d-0d4fca790ce5	1
d8d4879a-cb7d-4d04-a170-7f9779d265ec	45
3926afee-d07d-4b59-b943-9d5a1b489f9b	6
a07f0e2a-7ae3-43e5-9353-4fae6b2fea1a	5
7a33b78c-1eb1-4af9-939c-04ceaf59fb83	343
8f6c3fe8-7d6a-4c03-bfe5-d6128b4b578e	249
aed263ec-332f-4489-b91f-a08caed2f5b3	1
a9d6878d-f1b2-45d9-9ac5-254a2b9187f6	1
7a5c8772-cd6d-42d7-98e8-10449b39f478	100
f4b88f25-fa91-46d4-91f4-d5e072f53ac9	312
d3180e2e-b3c1-4014-a1cd-0857e884db52	1
b6253ab3-30a3-423f-bb8e-0bcb8695552d	1
55ce6f1b-81a1-47f0-ae41-206e37963b84	10
3acae584-c559-4ed7-8b5d-b0ac82831479	30
9fc10184-b553-46c4-b1fe-fb9009bf06e3	1
9ff641fb-823f-449c-8ecd-e6827cb1f699	2
698163c2-eaa2-412f-9f41-897f6c599d98	130
b33e2b97-7c3d-4793-8238-034f81967ce9	2
d41857bb-d23a-4f0b-8f68-ef9c73e23091	100
c4427855-4c78-41a3-bdcb-4d0d2b6888f2	1
3b5e4637-e197-446d-834d-7b1303b3108d	30
a380cdfb-f497-4f76-9914-40571dce3233	9
13a22e3c-e41d-425c-beb0-fbf756892094	50
72cdeef4-a837-4b76-bf16-55051e38a20c	30
18e03269-97f8-4048-9d90-88fd57744a64	15
94819695-d2ac-4cc4-b022-7a703cde34bc	59
6959d78b-a7be-454e-8ae0-839d785b5985	1
34c113a7-d0d2-44b6-8908-8f09b78c8f6e	1
58143a73-46cb-4624-91c6-ad66e6631f01	8
4370b621-4c8f-4512-a45e-2ec56be554b2	24
6d08de65-fd5b-42ad-bf2b-d1b84b661ab8	10
239f297e-92dc-4c1b-8ac8-555e1f033966	10
01375df5-f3d7-4e45-a9eb-15d66a60c94c	1
4d7bfc2c-fcb5-46d6-86d9-2243b78a6611	10
cf7829b0-9ef9-497f-a2e3-aa404f3787ff	495
b566aa11-a02d-47dd-a8d7-05444ff339fb	14
f4876df2-096d-48de-b7ea-c852d7a59d3e	0
00e34e60-e21d-4352-994d-2c46236ccf4b	93
cd66a2fe-697f-4b0f-952a-f28679961402	28
38d851bc-baea-48ce-9e5e-45f3601f879b	80
140e969a-dc72-40a8-a741-9980c0eccbbc	10
bc9eb5f4-8751-4e7d-86d6-fc98f5b31ace	150
e01d6e11-a264-4cb8-9dca-a33282b93c77	1
12f568e8-d532-4d5f-ac30-5cb529594fbd	1
9ece4f80-019d-4e78-ac70-2c668920160d	1
589bce1c-3f31-4872-9f32-7d07e8ba811f	49
c2defdb8-25ec-40ad-a093-5188d833d5b3	2
6fe6e0cc-c3fe-4644-a293-ab2bafafc076	30
eb53eaec-37f2-4354-9c84-e6adacc589cf	485
26368a28-b312-4ebc-a066-b939ebcdc949	1
3317817c-1414-4dc2-a893-23a8ed82125a	1
9191bc61-acd7-475f-a044-22bc0b75badd	3
d4c36fab-47f7-45d2-9d9c-806c8ae4d711	2
90933e1a-4a97-4ca7-8d53-23a99b2e591c	30
5b38e1d2-eaeb-4fa0-ac94-e504ea7123e9	8
e78acf37-bab6-41ad-9dd4-b3c99fe05a1c	4
5be1f907-a517-471e-92f6-ed5605a44513	1
cbf13f29-541b-46c8-a98d-8067c0f974cf	1
fe884296-1930-4e61-91c4-1d8db3463594	1
2069d5b5-2acc-44d5-883d-a130b25bb6ff	15
9145fb8c-0768-4928-ac3b-8aac86115b34	336
223c7f9f-a6ec-4546-a71c-4d7c144eabfc	1
1d89e345-75f6-4706-b18f-32b8a1f4e047	1
6b3ed80e-9369-4889-b013-85417f07efe6	165
6818c03d-0a9d-4910-ade1-3ac5aae61f64	6
12e1b5a8-904c-4dec-93ba-af05d60b620c	1
fd2bf001-7dce-4e07-b29f-0d5b878de72c	30
3884f12f-abe3-4f58-9c9c-ba462d0899c3	39
5ba82bb8-dabc-4292-90d1-282565fd95d3	30
9a4c5f16-290b-44aa-83a6-b4c10a6168ba	1
a05501c9-6800-4bf3-b7b6-18a1af2ee8a6	5
8ad4384b-50c4-4ba3-a301-387952bed4bc	1
922d9915-4480-446d-94fe-f6a21c6d1c18	2
153d8925-6b1e-40ec-a3e9-292559a92b9e	30
d4da32fa-beff-48b5-8ff8-8f1545ab3636	149
8c853cba-c7b5-478a-abbb-26031789df17	5
39625ec7-c1bd-4699-a8bd-4e3dbeb63bb3	16
20ebda0c-7061-401d-b979-a912772d3d58	150
6e66a7e8-b339-45d2-9da2-b5843b076d44	1
407f7059-ec1f-4f03-92ea-531cb9cb3187	1
ad5073ac-a360-4b66-9d7a-d0471fa14cc5	1
35f680cd-c0f7-4dc7-bf78-037d884385af	1
3d6e7283-06fd-4ca8-b08f-908bf39e045e	30
b2a9f055-d5c7-4ef2-ad7d-5b722e6c5a2d	26
21693e09-3841-4ac7-856e-07e6935b23fc	8
eb1121cd-775d-4d88-9b3d-f452ce1fd4c6	38
f61165cd-da11-4d07-a0dc-5a077ba9def0	30
1b274546-5f2f-4ff0-b688-58c3d009cc43	15
2db33249-8dfc-4138-aedd-6b6983a1cf8d	1
bcbc2998-9782-4a88-b6c9-641717eae971	20
ab35a2fe-e79e-462a-84b1-f30f665cd830	21
ea6b3226-0dd1-4717-a4e0-7c0cb579435f	1
81355da2-772e-4928-8b66-bbe0fa7cffc0	10
e8415584-77df-4ef0-bef0-85675f7782f0	2
0bacc6e1-5577-40bc-9185-56f0f46d8e21	30
ebf97a5a-b36d-49b1-855c-092a47e64626	5
d37b7a7b-f659-4f11-b45e-ca1c060f1930	49
44ecca60-e6d4-490e-ab9b-0c393ddeb924	2
dc34dff9-6ec7-4abc-9f74-ec7494cb384c	118
30eec2cf-0e64-4f83-a627-f7d9ff972d99	30
120f68e5-8a75-4d03-a2c2-0df6f9ab24cd	1
92f14733-82e5-4e8f-a0f4-1bb977a6c7b2	3
eb50d5b1-516a-44a5-be1d-efb8838fd886	4
a375ee33-4df9-4e57-96ba-6ff874f2d8ae	10
03134d66-4528-405c-aed0-a942976a0c5e	523
ad030432-fc5f-4852-85fe-5214776acf69	10
a6a8a2e8-de52-4d55-addb-bc270b5d6d35	442
f516cb90-24a1-4ca9-a31a-92513fb0046c	1
0456cb82-d182-4434-8818-2a9ddd817d33	20
9062bb3e-8ebe-420c-812e-c018e34fa0a3	238
6cee7c56-3d1e-4a20-a212-f0eec52556b3	1
1af44f38-d568-41e2-b4fb-6c43178b901d	5
984e6705-b4cf-4a3d-8d5c-b65759abb2a2	1
6669e906-3b70-4257-9218-cfbd31ece2d9	3
ff14953e-d9c0-419f-9e08-4ae1536aee56	7
4a8bf236-edc8-42bc-b0bf-ced4dc36655f	10
3e76226c-e0fd-4b36-8b1f-511671d93b16	29
e8f82d6a-a2c6-4d44-a64f-ec55b4dbf30c	20
f6509813-2075-4c24-af20-ebe2240cdf8f	6
6147c183-c49c-4b9c-9c86-94060cd349ca	28
4e9a4692-ab0f-481f-8589-b66981dbfad4	30
71b19e31-023e-4a5a-8e61-8b469935e81a	15
acc4e43d-7a48-47de-b0e1-56656bc26ab4	3
0ef4f392-f2bc-42a0-9906-e906b348a9e2	20
10557912-3d8c-457c-abe2-094f10db3e8b	4
29d05374-9699-4f80-a3fa-136463cf78b1	10
fc659724-dc23-425b-9940-014e12067e59	75
6a5a3fbb-e280-42f3-9743-f5b7da0b1d47	75
0b357898-63ac-465a-8ff5-57aed6d59db3	83
47597b78-b380-431f-8540-a18f59d12279	3
c19e6a3e-54cf-4249-986b-22d992f53544	2
76c85f90-6e74-44b3-a7a0-4331cb906337	97
becb3b3d-fc88-4ca4-9a5b-964feeba5311	30
6b458a5f-3913-4883-b02f-144306b023e2	2
798850f0-d05c-44ad-80c3-bf528d979712	1
b7f30aa8-c593-4089-9965-081b18e6b591	47
154b6368-f397-4682-9e23-b4b3262d3074	1
d4499bbe-4b28-4cb0-9454-db95f80a80ab	37
40ed4ab2-deeb-4474-b379-2021724b87ef	1
404e813a-9d7c-4744-a15c-447a5d89015b	7
80b86726-0b69-48b7-bb9d-1bad1efc37a9	2
a42bc069-d0b9-429c-b2d9-8032f8162a9b	1
4e533386-ad2b-40ae-af32-a1d922dee8fd	1
7092c98b-d92a-438e-b105-7bf231cc5798	30
144e0601-371d-4c9b-b4f1-72079d84a3ad	3
03c97cad-86ad-427a-b040-40af3f073133	25
e55503d8-610e-4c99-abcb-ace4625313ae	10
11ea3598-09bc-4fdc-ad1b-e7bf1165b1f8	20
f6b20168-80a0-4260-9f9d-fa719b35d804	10
cbc6315f-375a-4d04-9d8c-812c20aad13a	1
dc5de7d2-3a70-465c-82da-71bfdb3a9ed5	1
9d843d2a-5b5e-4bf0-a66a-3ff688ab665f	1
67173cfd-eb30-428d-a2ff-969706617443	4
de0fac31-4fe1-48b9-b34c-7893bb61a564	1
df70d999-5bfb-4f83-8c61-7ce7a0ce4684	30
632f137b-3213-4eec-8382-cc87ec94caa6	30
1d65036f-3822-4653-aced-0a714c06ac75	10
1fc2cc7a-7981-41ed-af75-488f90a5cafc	1
74363784-0bf0-4f88-97ef-919b07833da9	2
afcf7443-61fb-4a7d-8545-c7c85cb8329a	7
aacd9eed-ceb1-446b-8915-5c5d3fe75b93	30
26c71435-359b-428b-a483-9b6d3bc305d4	15
7c525806-2641-4cd0-9677-5fb411329105	10
d9ba3390-93fb-4689-9138-5eee5303ffc8	15
327ccc5f-e2ef-44da-b3c7-79ef809bb264	75
fa2f245c-c046-43ec-9335-c0a1e8468868	4
f414cecf-85f6-4ed5-9039-83feb7cbd8e8	40
01c730e0-92d6-4884-adf1-f5c82049bb73	1
a1743341-ccfc-40d1-b36b-0a68ee0d8e38	30
e611d8f8-b133-47d4-be77-e66ce2dfeef8	100
07a57659-bbbb-4604-91ac-0afd5f188746	1
7d530224-0c86-4c54-bd17-d96b547a7634	30
f9250c46-3fec-4bf4-ab3e-0df1bbd42cf9	10
7fbb7313-33c9-43f9-b40c-6681cf903332	10
7e275775-e005-4286-876e-d3ddf6c469f9	30
9768e897-bc68-46c4-82c6-ad7f6a4e5945	20
cd1e6388-aca9-4ab7-bbcf-144e106be33a	1
0070044e-a400-438c-8982-8aa4a3c1145d	1
5af60904-36e4-4680-8668-cf452ee306cd	10
2b564665-3ef8-43be-8314-542bf31709c3	70
0df1e6a4-b201-491e-b6b2-350c8eda045a	10
bb8dd6a8-9b81-479d-84bf-98fda1c49d6a	4
0c31cf62-6146-4687-b48f-2d5aa825baeb	60
874d8c00-4c91-4761-b4e0-f690cf66a3ed	10
a505e2fc-f41e-4024-84c7-0fb305ac2d92	24
064a2e33-47eb-47ed-a938-87c52ac239fd	205
b5af441e-4da7-4b61-be8a-be69208545ba	35
e23c380b-25ee-4ef3-8d87-e73f9a9e2e3c	3
f5777179-d76a-48f7-aab0-9aae025b1850	1
1955ba20-fcbb-4181-8d3d-6aaf41bbb6ae	32
02997179-b1bf-4b1e-bb25-ee6bf3bacc29	209
94b82dd5-b7a8-4c9d-a0ff-bb7ece1c7cae	440
49abf76f-c26a-46f6-a200-a3b37b38d4bd	15
901ef7c1-abdf-4ba4-a28b-9922b15c5596	70
a6284e29-a645-44e8-8191-58dd03c55a18	354
8bbebb6e-9b6e-4f5a-b1f1-94c3e0d450b6	35
2662a78a-f82c-4fd3-b010-122f0c7653e2	2
9840d276-5bed-4065-8d59-423de11db97b	8
1ccea9ed-8862-482d-8ca4-05a0dce7c3c3	20
ddd4f71e-dcee-459b-98e1-7bfc59bb7dbb	5
2c5bdd56-d215-423c-8311-ddd4f0617c02	1
064133d0-fcf1-40bc-bd57-a5c1626cca91	10
2f24314b-ae1a-4585-a2c7-d4d867e16555	1
960c2e04-4994-40ee-8310-984e6ea7bca5	9
95906206-eee7-4786-bde0-0f1673c34db6	30
d46f3073-d117-4fec-8a11-16c62b62aeb4	70
10b8670a-3989-42ae-aa6d-405f8d2ff924	94
784e6a32-5258-4abf-9088-f6fe69e8c74d	5
ab63c9b7-54db-4c51-aa2a-e4cb7e73cadf	1
06b80a64-3f82-4e4d-8bda-57fb44a55f83	30
506247e0-9b61-462a-bba6-a85ca4713536	10
620f299e-942f-4b3b-b482-e43d27f3681b	1
57b22f85-64e7-42ca-90f9-95c662787b0e	10
4a572f24-dcb5-46c2-9ef4-75f814129abe	55
bf18b294-fb52-459c-9ffb-a26929a467d5	427
ecfd7ef7-7395-4066-a0f7-cab701475253	1
5aa02ac0-59d6-4b98-9674-2275b10b6512	4
facc8b45-9323-4779-94a0-7ba0c96183fe	14
9a2f6618-55c5-4844-985d-4abbf5ba28f4	60
f5987b97-0b8c-47e7-ab3d-3bd8fd90dd42	20
523098d2-d808-41fb-a039-60b5a46fe26f	3
54ec3085-d637-46fa-9381-69f7284fd23c	30
d84cd2ee-06a8-4b5b-9115-b869d89b76c2	10
4dc3dcfe-9bc6-4bcb-919f-49cece88de7e	1
64dd9d1b-c6ba-4405-a2f6-8e3abfd901d9	15
ffc7aa25-7c55-40d2-a3aa-5f638e05be63	1
8393417d-a178-4bb0-8975-ca887a2099b9	1
4cecaa64-a851-4a05-b9e9-c4f9fef52944	3
5e1cb4ca-54b7-456f-8beb-73141da07b49	107
60145303-cfa4-486a-ae65-7e9e1ef50311	15
17309a60-3edd-46fe-b072-4df00f615cca	3
b212bec8-7e5b-4ace-aaef-cfba7850a903	1
207c9694-1488-4625-b306-e97fe8486ba3	5
022573f7-4cb8-44d1-8cb7-76351f22f8ae	1
3720d9f7-3104-4627-9ad0-b9f70341c381	28
e8bb841e-e511-4dae-994e-84de8cdc793f	2
934d1f88-1c85-4264-9a39-4c33c31c7e74	135
7821e2fa-9acf-49f7-b3c4-752e14a559b4	29
3c453a9a-487e-494c-88d7-e4c973e6edb9	30
5aff9bec-7860-4886-9c01-fa33b3dbddfd	3
e55c9e9d-21bc-4159-a2cf-b3cfb786118a	97
45695771-430e-4af1-b967-75ecd8404b7a	1
84432f9f-88ec-4584-b9ff-9665c60253ae	60
7f22a55a-0e36-496e-82e0-1dd1516001bf	10
4dab6afb-af12-418f-bd47-35c02cbf4187	35
3801f603-e37f-4bbd-b928-5d802a23dff6	20
0977fd72-d8ae-4e7d-b90c-6ab19ee2ead9	1
e34c92c0-6938-4496-ba64-a8b42e4d5ed5	2
f506ab3e-2c5d-4e17-a572-d31fd90ada70	1
8c173e5a-bab3-4efa-a2ff-cfc7929e02bb	1
b4f10262-24f7-4001-a428-703ade2ab588	15
8756500c-3d6d-44ff-830b-c30d90ea1f91	47
3df8a76a-0ee9-49d0-a99e-8a8681051ead	75
502387d0-390e-4d56-89d2-58adeafb2344	35
4e6f8706-a7d5-4fc2-868d-4ddaa7458b0c	1
dbcaaf9d-cab8-4956-ab38-7ceb45b9e538	1
ad02d001-774f-4306-8693-096fb74a46d5	30
dcf4085d-542e-4ea9-8fdb-0e6bdff5aa38	10
2feca701-0a70-4c11-b224-17f3fa15458c	15
2d7603ad-c8eb-4aa0-b174-2df2aeb90d28	5
e490eafb-068b-4ad7-a6c7-0cd67c2ceb68	1
9fb01629-24ac-49b7-a89e-b01842aabb29	45
cff249d5-24c2-4f1d-9d40-9c730965433e	10
55700ee6-d9aa-4f99-a0b4-8b558783893e	340
26f81621-938c-43d8-bbab-9e52e864001b	2
1797491b-ee3f-442d-850c-74a68240078a	75
fa2ffbea-09ea-4a3c-80a6-50d7aca1bbd1	1
c9174ca4-f74c-4cb4-9304-a91077690511	15
79b99810-4c68-44df-a8cf-13bc5deea3e5	8
773044a0-d3f7-46d9-87de-153563ac2aa9	1
dd09b02c-4da3-4b80-b3bc-2b32cb3ebec3	30
47b57f02-a018-492e-86de-5b77586f5706	3
4d5c999c-797f-4e78-9a27-9707b0d742f6	30
85bd84dc-9e09-46e2-82f1-2981fc7ab4b6	70
b0de8602-2301-4153-a34e-74c0732a6720	1
70d1a3b0-82de-4e74-8560-5626aba2a7ce	10
513df46f-79dc-4e21-96f3-237467ce250b	0
dbd38b31-7064-4d78-bffb-953e01391622	79
4a6ad8a8-daf6-448e-b002-07b44fea344d	1
d5862bbe-2b14-4922-ba57-cdc866bc92b4	22
efb22474-9eca-4e6f-aec8-34c7a644c4b9	2
3c3efcd5-d392-4be3-ba8c-19445ea97791	25
b5b499f8-8586-4ee5-90a9-d1665f80f92b	20
b486e6b8-6d70-4430-8eb5-938acb3d536c	1
830af559-d541-42fb-ad97-3c36c7f005d5	1
b6ba8b60-d4ac-49d8-a82d-63c70b6b596b	75
f4d025c6-11db-45a5-9589-c70b9dcbf428	1
b1f356f1-c216-44a8-9846-2659bbfedf82	1
79b19dd5-0883-41c1-a2e4-0c4976616cee	5
c7d7a6d8-f937-42d7-969a-9559ee50b1fb	6
0fe57445-3b85-4b0f-bd64-2b0fe413de62	6
ffc74163-caf6-4899-8212-dc73655284c5	20
05419794-0537-450f-8023-14eabab6a1d1	30
57b790b4-bd82-4a0f-84ef-2e86dd414944	74
3064d350-856d-42d4-b8c8-c027e7edd896	30
432ff091-57e3-451a-b371-82fc4221befb	4
49dd5a0c-4eb1-4d3a-b1d9-3b83553e53ba	45
f00df7df-77ea-4f1f-95ac-2d8c5615e5c5	40
2bad073c-dca9-466e-9688-87ca5b4b7775	20
70fb91be-4798-4cf0-9d01-6e9728e745a1	120
950f61da-8fbf-45ef-a949-f455e0df262f	1
da92694a-2a53-4585-bd58-c85ed97c16b6	1
150f3e40-acc9-4459-ae4d-71d4a2af4fea	3
0a57a7e9-802f-451a-a776-353408c2c46a	30
a6adb7f0-bdde-44cc-9c29-52e19e32b78e	10
4e4aa2fe-aeb5-4d2f-bf53-e5d98057bd97	2
43b8589a-6071-4421-935c-b2bb1d318459	8
561ca7ef-33ef-4068-8a1d-29b577e47e12	1
b24ac84e-e0dd-4c1f-98d2-84a3cb4821b8	45
5eff1a6e-de52-4c3d-bf54-0152a9b53b75	1
1ca87258-e51d-4c69-9661-aac9950d9efd	2
0ef29631-f292-4375-adb3-b51aadee9b9b	10
02897003-1060-4135-978a-5ca09432feae	3
04f4a44f-596e-44f2-a101-52ba6b284e99	50
20e6515a-573a-4af9-bbbb-db4daea09bc7	1
18fd96c2-6856-4576-83b1-fed3b5daab4d	1
c7e9d3ad-f01f-4324-94e2-cc2bf075e40e	1
924f4785-6115-452e-a7ea-9a7ba57bb641	30
23813de4-d0f4-493c-b400-296016ddc927	4
a43393b2-e996-4935-8d13-523f189fd915	75
50b41bb7-d22b-4dc1-a9db-07cb1d4cf2be	5
60ffdca7-e03d-4dea-a44e-356808dcc358	1
c9f875bd-fe84-4e27-bd21-b4c943b398ee	1
945d9e0d-457f-44b1-ae5b-72da74416654	20
97cab18f-53fd-4ab5-916a-6fd9af3689e3	30
8a2b6042-dfe1-40be-aaf3-2409aa053e74	96
b432e8d0-2d4e-471f-9075-a59e7d85a3a9	20
1a78288a-1a53-4442-a711-0c4fc46caf39	20
554021b4-8952-4d58-b143-daa2157309f3	10
2d7f3029-e4c4-4cf0-bb96-153f2ded131d	102
eb49bf75-adae-4e3e-a13b-bf95697ae76f	2
7e5997e4-4be9-4430-9e55-ee511e9ca0be	30
872225bc-4959-4de0-8e42-50b345a67461	1
9f8d6dcd-56fc-4d3e-aea2-37dff9852308	20
3e31488f-650a-4bc1-a5de-38a53aadb068	70
4419169b-4722-4919-b046-3c0e856fffe4	30
32fa4843-14d5-483e-a3d6-edab39665960	2
d572f4e9-363e-4b28-8b34-c300095fe9f3	7
bbaadebe-486e-4572-83ab-3f95680e2f36	1
bc888f1f-f6de-4f8b-a27d-85f731d5af6f	20
5e0a370f-a22e-4425-b1df-594b675627e4	105
667b0413-d47b-4673-ac0c-81880f921e54	1
e4184f18-bceb-42ad-9c3b-2fc6d2008262	45
b902c745-2494-4d5d-b579-f1a4470364ca	5
d43abbf1-38cb-4b53-9915-9da06afcee35	4
93b367fb-b530-4675-80ce-d83403ce68dd	38
956b651d-8538-4e25-88f0-aea698b5cf15	1
e540f42d-1f90-461d-97d7-dc48368455ca	57
f47a1eae-5703-4e01-9cc7-f86a51c469b0	36
